experimentId	experimentName	experimentDescription	experimentSource	experimentStatus	RNAseqTags	numberOfAnnotatedLibraries	protocol	protocolType	GSE	Bioproject	PMID	PMID_url	comment
ERP013381	Mouse embryonic RNA-seq	The study was aimed at interrogating the early stages of blood cell development within the embryo. Blood develops from mesoderm, which is specified at gastrulation. We therefore sorted cells from mouse embryos between E6.5 and E7.75 to capture gastrulation and the emergence of mesoderm, followed by specificiation of the first mature blood cells.	SRA	total	scRNA-seq	1205 libraries	Adapted Smart-Seq2	Full-length					PRJEB11951, E-MTAB-4079
SRP094958	Genomic profiling of human spermatogonial stem cells [scRNA-Seq]	To better understand human spermatogonial stem cells (SSCs), we profiled their transciptome and epigenome, which revealed the mechanism how human SSCs regulates their self-renewal versus differentiation dermination, as well as how latent pluripotency is established in human SSCs. Remarkly, we discovered signaling pathways (e.g. LIF, BMP, WNT) that differentially regulated self-renewal vesus differentiation in SSCs. We also discovered that SSCs repress core pluripotent factors (Sox2, Pou5f1 and Nanog) yet activate ancillary factors (e.g. Klf4, Mbd3, Tcf3, Sall4) transcriptionally and epigenetically. Overall design: Using SSEA4 as self-renewal marker and Kit as differentiating marker, we isolated self-renewal and differentiation SSCs by magnetic antibody cell sorting (MACS). SSEA4+ or Kit+ cells were loaded into 5-10 microm integrated fluidic circuits (IFCs) using Fluidigm C1 instrument. Single cells in IFCs were lysed and total RNA was harvested for polyadenylation selection, reverse transcription and PCR amplification. Library constructions were performed according to Fluidigm Library preparation with Nextera XT protocol and sequenced on a 50-cycle single end run.	SRA	total	scRNA-seq	175 libraries	Fluidigm C1 instrument and Nextera XT protocol	Full-length					PRJNA357083, GSE92276
SRP057196	A survey of human brain transcriptome diversity at the single cell level	We used single cell RNA sequencing on 466 cells to capture the cellular complexity of the adult and fetal human brain at a whole transcriptome level. Healthy adult temporal lobe tissue was obtained from epileptic patients during temporal lobectomy for medically refractory seizures. We were able to classify individual cells into all of the major neuronal, glial, and vascular cell types in the brain. Overall design: Examination of cell types in healthy human brain samples.	SRA	partial	scRNA-seq	465 libraries	SMARTer Ultra Low	Full-length					GSE67835, PRJNA281204 (one library commented due to inconsistent information)
SRP020490	Single-cell RNA-Seq reveals dynamic, random monoallelic gene expression in mammalian cells	In the diploid genome, genes come in two copies, which can have different DNA sequence and where one is maternal and one is paternal. In a particular cell, a gene could potentially be expressed from both copies (biallelic expression) or only one (monoallelic). We performed RNA-Sequencing on individual cells, from zygote to the cells of the late blastocyst, and also individual cells from the adult liver. Using first generation crosses between two distantly related mouse strains, CAST/Ei and C57BL/6, we determined the expression separately from the maternal and paternal alleles. We found that half of the genes were expressed by only one allele, randomly so that some cells would express the paternal allele, some the maternal and a few cell both alleles. We also observed the spread of the progressive inactivation of the paternal X chromosome. Overall design: First generation mouse strain crosses were used to study monoallelic expression on the single cell level	SRA	partial	scRNA-seq	307 libraries	Smart-Seq	Full-length					GSE45719, PRJNA195938 (10 libraries in scRNASeqLibrary_not_included.tsv, because cell culture)
SRP075496	Single cell transcriptome analysis of human pancreas reveals transcriptional signatures of aging and somatic mutation patterns	As organisms age, cells accumulate genetic and epigenetic changes that eventually lead to impaired organ function or catastrophic failure such as cancer. Here we describe a single-cell transcriptome analysis of 2544 human pancreas cells from donors, spanning six decades of life. We find that islet cells from older donors have increased levels of disorder as measured both by noise in the transcriptome and by the number of cells which display inappropriate hormone expression, revealing a transcriptional instability associated with aging. By analyzing the spectrum of somatic mutations in single cells from previously-healthy donors, we find a specific age-dependent mutational signature characterized by C to A and C to G transversions, indicators of oxidative stress, which is absent in single cells from human brain tissue or in a tumor cell line. Cells carrying a high load of such mutations also express higher levels of stress and senescence markers, including FOS, JUN, and the cytoplasmic superoxide dismutase SOD1, markers previously linked to pancreatic diseases with substantial age-dependent risk, such as type 2 diabetes mellitus and adenocarcinoma. Thus, our single-cell approach unveils gene expression changes and somatic mutations acquired in aging human tissue, and identifies molecular pathways induced by these genetic changes that could influence human disease. Also, our results demonstrate the feasibility of using single-cell RNA-seq data from primary cells to derive meaningful insights into the genetic processes that operate on aging human tissue and to determine which molecular mechanisms are coordinated with these processes. Overall design: Examination of single cells from primary human pancreas tissue	SRA	total	scRNA-seq	2544 libraries	Smart-Seq2	Full-length					GSE81547, in HCA
SRP125768	A single-cell transcriptome atlas of the ageing Drosophila brain	Overall design: scRNA-seq (10x Genomics CHROMIUM Single Cell 3' Solution V2 Chemistry and Drop-seq) of adult brains from Drosophila melanogaster at various ages; SMART-seq2 on FAC-sorted R23E10-Gal4 positive neurons of adult brains from Drosophila melanogaster; Adapted SMART-seq2 on FAC-sorted R23E10-Gal4 positive neurons of adult brains from Drosophila melanogaster; CEL-seq2 on FAC-sorted R23E10-Gal4 positive neurons of adult brains from Drosophila melanogaster; Bulk RNA-seq of adult brains from Drosophila melanogaster; ATAC-seq of young (0 days) and old (50 days) adult brains from Drosophila melanogaster	SRA	partial	scRNA-seq	111 scRNA-Seq libraries (34 libraries Adapted SMART-Seq and 45 libraries SMART-Seq and 31 libraries 10x Genomics CHROMIUM, and 1 CEL-seq2), 11 ATC-Seq, 6 bulk RNA-Seq	Smart-Seq2, 10X Genomics, CEL-seq	Full-length and 3'end					GSE107451; Some non scRNA-Seq librairies excluded, full-length librairies are R23E10-Gal4 x UAS-CD8::GFP and currently commented, CEL-Seq2 library commented because no link between barcodes and cell types was found) CAUTION, PMID:29909982 claims 'We applied CEL-Seq2 on 22 FAC-sorted cells and two variants of SMART-Seq2 on 45 (standard protocol) and 34 (adapted protocol) cells....All CEL-Seq2 libraries were sequenced on a NextSeq instrument (Illumina)....SMART-Seq2 libraries were sequenced on the HiSeq4000', and this is not reported the same in the SRA file: only one CEL-Seq2 is available, all SMART_seq2_R23E10_Cell are reported on NextSeq 500
SRP066834	Human cerebral organoids recapitulate gene expression programs of fetal neocortex development.	Overall design: 734 single-cell transcriptomes from human fetal neocortex or human cerebral organoids from multiple time points were analyzed in this study. All single cell samples were processed on the microfluidic Fluidigm C1 platform and contain 92 external RNA spike-ins. Fetal neocortex data were generated at 12 weeks post conception (chip 1: 81 cells; chip 2: 83 cells) and 13 weeks post conception (62 cells). Cerebral organoid data were generated from dissociated whole organoids derived from induced pluripotent stem cell line 409B2 (iPSC 409B2) at 33 days (40 cells), 35 days (68 cells), 37 days (71 cells), 41 days (74 cells), and 65 days (80 cells) after the start of embryoid body culture. Cerebral organoid data were also generated from microdissected cortical-like regions from H9 embryonic stem cell derived organoids at 53 days (region 1, 48 cells; region 2, 48 cells) or from iPSC 409B2 organoids at 58 days (region 3, 43 cells; region 4, 36 cells).	SRA	partial	scRNA-seq	226 libraries	SMARTer Ultra Low	Full-length					GSE75140, PRJNA304502
SRP050499	The Transcriptome and DNA Methylome Landscapes of Human Primordial Germ Cells	Overall design: In total, we analyzed the transcriptomes of 233 individual male and female human PGCs from 15 embryos at between 4 and 19 weeks of gestation as well as 86 neighboring somatic cells from 13 of these embryos using a single-cell RNA-Seq method that we developed. Furthermore, we analyzed the DNA methylomes of both male and female human gonadal PGCs as well as the neighboring somatic cells of eleven of these embryos at between 7 and 19 weeks of gestation using whole-genome bisulfite sequencing (WGBS). In total, we generated 1.3 billion 100 bp paired-end reads for transcriptome analyses and 4.1 billion 100 bp or 150 bp paired-end reads for DNA methylome analyses.	SRA	partial	scRNA-seq	328 libraries	NEBNext Ultra DNA Library Prep Kit for Illumina	Full-length					GSE63818, PRJNA269154
SRP131661	Tabula Muris: Transcriptomic characterization of 20 organs and tissues from Mus musculus at single cell resolution	We have created a resource of single cell transcriptome data from the model organism Mus musculus. Contributor: The Tabula Muris Consortium The full list of contributors to this dataset can be found in the corresponding publication. Overall design: Single cell RNA sequencing of single cells across 20 tissues of 3 month aged mice	SRA	total	scRNA-seq	46 libraries (28 SMART_seq2 and 28 10X Genomics)	Smart-Seq2, 10X Genomics	Full-length and 3'end					GSE109774, PRJNA432002
SRP106908	Single cell RNA-seq of mouse brain vascular transcriptomes	By analyzing thousands of vascular single cell transcriptomes from adult mouse brain, we provide molecular definitions of the principal vascular (endothelial and mural cells), and vascular-associated cell classes. Overall design: We used four different transgenic mouse reporter lines with fluorescent expression in different populations of vascular cells, Cldn5(BAC)eGFP mice that strongly labels brain endothelial cells, mice doubly positive for Pdgfrb(BAC)eGFP and NG2dsRed, in which brain vascular mural cells express both markers whereas each single marker are expressed also in other, non-overlapping cell types, and Pdgfra-H2BGFP that we found labeled a perivascular population of cells distinct from mural cells and astrocytes, in addition to the known labeling of cells of the oligendendrocyte lineage. We chose to focus our efforts to adult mice 10 to 19 weeks old in order to primarily define fully differentiated and quiescent vascular cells and we chose a methodology based on fluorescence-activated cell sorting (FACS) into 384-well plates followed by the SmartSeq2 methodology for the generation and sequencing of full length polyadenylated cDNAs	SRA	total	scRNA-seq	3186 libraries	Smart-Seq2	Full-length					GSE98816, PRJNA386336
SRP292544	Skeletal Stem Cell Diversity in Mouse Long Bones	We have used SmartSeq2 to sequence single phenotypic skeletal stem cell (SSCs) populations purified via FACS from adult mouse long bones. Two putative SSC populations were isolated based on their previously reported surface marker profiles. An osteochondrogenic SSC (ocSSC, CD45-CD31-Tie2-Ter119-CD51+6C3-Thy1-CD105-) and a perivascular SSC (pvSSC, CD45-CD31-Pdgfra+Sca1+CD24+) were investigated. Overall design: SmartSeq2 single cell RNA sequencing of flow cytometrically purified single mouse osteochondral and perivascular skeletal stem cells from adult mouse long bones.	SRA	total	scRNA-seq	383 libraries	Smart-Seq2	Full-length					GSE161477
ERP130174	The Fly Cell Atlas: single-cell transcriptomes of the entire adult Drosophila - Smartseq2 dataset	We have been performing single-cell RNAseq profiling for the entire adult Drosophila. Here we are providing raw data generated from the Smart-seq2 platform. They are from 37 384-well plates.	SRA	total	Sn-scRNA-seq	13258 libraries	Smart-Seq2	Full-length					E-MTAB-10628, PRJEB45993, FCA, PMID: 35239393 (but commented trachea Gal80ts libraries)
SRP167225	Characterization of Transcriptomic Profile in Early Zebrafish PGCs by Single Cell Sequencing	Single cell RNA-seq was applied for studying the transcriptomic profile in early zebrafish PGCs(primordial germ cells) by choosing three time points during zebrafish embryonic development. The three time points were 6hpf(hours post fertilization, also called shield stage), 11hpf(also called 3-somite stage) and 24hpf(also called prim-5 stage).	SRA	total	scRNA-seq	9 libraries	Smart-Seq2	Full-length					GSE122208, PRJNA501843, PMID: 31412047
SRP033209	High throughput quantitative whole transcriptome analysis of distal mouse lung epithelial cells from various developmental stages (E14.5, E16.5, E18.5 and adult)	We used microfluidic single cell RNA-seq on 198 individual mouse lung epithelial cells at 4 different stages throughout development to measure the transcriptional states which define the developmental and cellular hierarchy of the distal mouse lung epithelium. We classified 80 cells comprising the distal lung epithelium at E18.5 into distinct populations using an unbiased genome-wide approach that did not require a priori knowledge of the underlying cell types or prior purification of cell types. This *reverse tissue engineering* approach confirmed the basic outlines of the conventional model of cell type diversity in the distal lung and led to the discovery of a large number of novel transcriptional regulators and cell type markers that discriminate between the different populations. Moreover, we reconstructed the steps during maturation of bipotential progenitors into both alveolar lineages based on the presence of undifferentiated, differentiated as well as differentiation intermediate cells at the single time point E18.5. Finally, we followed Sftpc-positive cells throughout their lifecycle (E14.5, E16.5, E18.5, adult) and identified 7 gene sets that differentiate between the multipotential, bipotential, mature, as well as intermediate states of the AT2 lineage. Overall design: 198 single-cell transcriptomes from mouse lung epithelium were analyzed in total, two 200-cell bulk control samples as well as one no-cell control; All single cell and control samples contain 92 external RNA spike-ins; For time point E18.5, three individual experiments were performed using 3 different pregnant mice (3 biological replicates): Replicate 1 (pooled sibling lungs) yielded 20 single cell transcriptomes, replicate 2 (one single embryonic lung) yielded 34 single cell transcriptomes and replicate 3 (pooled siibling lungs) yielded 26 single cell transcriptomes; In addition, a 200-cell bulk control sample was prepared for E18.5 replicate 1 and E18.5 replicate 3 experiments; A no-cell control sample was generated for the E18.5 replicate 1 experiment; For time point E14.5, one experiment (one pregnant mouse, pooled sibling lungs) was performed yielding 45 single cell transcriptomes; For time point E16.5, one experiment (one pregnant mouse, pooled sibling lungs) was performed yielding 27 single cell transcriptomes; For the adult time point, one 107 day old mouse was used and transcriptomes of 46 single cells were obtained; All single cell samples were processed on the microfluidic platform, 200-cell-bulk and no-cell control samples were processed in microliter volumes in PCR tubes.	SRA	partial	scRNA-seq	154 libraries	Fluidigm C1, SMARTer Ultra Low	Full-length					GSE52583, PRJNA229411, PMID: 24739965 (partial because of Sftpc-Cre-ERT2-rtta -/- tetO-HIST1H2BJ-GFP+/- samples)
SRP242580	Single-cell RNA-seq of the mouse lymph node lymphatic vasculature: SMART-seq2	Lymph nodes (LNs) serve as hubs for the interaction and communication between tissue-derived and blood-derived immune cells. Here we analyzed mouse lymph node (LN) lymphatic endothelial cells (LEC) at single cell resolution. Clustering identifies five well-delineated subsets, including two medullary sinus subsets not recognized previously as distinct. Nearest neighbor alignments in trajectory space position the major subsets in a sequence that recapitulates known and suggests novel features of LN lymphatic organization, providing a transcriptional map of the lymphatic endothelial niches and of the transitions between them. Differences in gene expression reveal specialized programs for (1) subcapsular ceiling endothelial interactions with the capsule connective tissue and cells, (2) subcapsular floor regulation of lymph borne cell entry into the LN parenchyma and antigen presentation, and (3) medullary subset specialization for pathogen interactions and LN remodeling. LEC of the subcapsular sinus floor and medulla, which represent major sites of cell entry and exit from the LN parenchyma respectively, respond robustly to oxazolone inflammation challenge with enriched signaling pathways that converge on both innate and adaptive immune responses. Overall design: Female 20-week-old Prox1-GFP/C57BL/6J inguinal LNs were processed by the SMART-seq2 workflow for scRNA-seq.	SRA	total	scRNA-seq	384 libraries	Smart-Seq2	Full-length					GSE143877, PRJNA601964, PMID: 32426372
SRP276884	Single cell RNA seq analysis of postnatal mouse utricle	Undamaged utricular sensory epithelia from P2, P4, and P6 mice were isolated using FACS and underwent Smartseq-2 protocol for single cell RNA seq. Data was generated using Illumina NextSeq 500, paired end, 75-150bp reads with median depth of ~0.5 million reads per cell. Overall design: FACS sorted mouse utricle cells, Smart-seq2 protocol	SRA	partial	scRNA-seq	619 libraries	Smart-Seq2	Full-length					GSE155966, PRJNA656242, PMID: 34260939 (partial because trangenic genotypes and failed QC)
SRP108026	Single cell RNA-seq of mouse lung vascular transcriptomes	By analyzing about 1500 vascular single cell transcriptomes from adult mouse lung, we provide molecular definitions of the principal vascular (endothelial and mural cells), and vascular-associated cell classes. Overall design: We used different transgenic mouse reporter lines with fluorescent expression in different populations of vascular cells, Cldn5(BAC)eGFP mice that strongly labels lung endothelial cells, mice positive for Pdgfrb(BAC)eGFP and NG2dsRed. We chose to focus our efforts to adult mice 10 to 19 weeks old in order to primarily define fully differentiated and quiescent vascular cells and we chose a methodology based on fluorescence-activated cell sorting (FACS) into 384-well plates followed by the SmartSeq2 methodology for the generation and sequencing of full length polyadenylated cDNAs	SRA	total	scRNA-seq	1504 libraries	Smart-Seq2	Full-length					GSE99235, PRJNA387955, PMID: 29443965
SRP092166	Single-cell RNA-seq reveals heterogeneity within human pre-cDCs	Here, we use a microfluidics-based approach to prepare single-cell RNA-Seq libraries from 164 primary human conventional dendritic cells (cDCs) as well as cord blood (452) and blood (341) pre-cDCs. We examined heterogeneity between individual cells to document potential subpopulations within human cDCs and pre-cDCs. Overall design: RNA seq libraries from 957 single cells were prepared using the SMART-Seq 2 protocol (Picelli et al., 2013) 341 Blood pre-cDC (Blood pre-cDC_S* data columns in the expMatrix.txt) 452 CB pre-cDC (CB pre-cDC_S* data columns in the expMatrix.txt) 87 CD141+ cDC (blood_bdca3_S* data columns in the expMatrix.txt) 77 CD1c+ cDC (blood_bdca1_S* data columns in the expMatrix.txt)	SRA	total	scRNA-seq	957 libraries	Smart-Seq2	Full-length					GSE89232,PRJNA350790,PMID: 27864467, in HCA
ERP111579	Single-cell RNA sequencing of marmoset embryonic development	Transcriptional profiling of common marmoset embryo stages spanning zygote to late preimplantation blastocyst was performed by single-cell RNA-seq.	SRA	total	scRNA-seq	196 libraries	Smart-Seq2	Full-length					PRJEB29285, PMID: 30413530, E-MTAB-7078
SRP332736	Single-cell and single-nucleus RNA-seq uncovers shared and distinct axes of variation in dorsal LGN neurons in mice, non-human primates, and humans	Abundant evidence supports the presence of at least three distinct types of thalamocortical (TC) neurons in the primate dorsal lateral geniculate nucleus (dLGN) of the thalamus, the brain region that conveys visual information from the retina to the primary visual cortex (V1). Different types of TC neurons in mice, humans, and macaques have distinct morphologies, distinct connectivity patterns, and convey different aspects of visual information to the cortex. To investigate the molecular underpinnings of these cell types, and how these relate to differences in dLGN between human, macaque, and mice, we profiled gene expression in single nuclei and cells using RNA-sequencing. These efforts identified four distinct types of TC neurons in the primate dLGN: magnocellular (M) neurons, parvocellular (P) neurons, and two types of koniocellular (K) neurons. Despite extensively documented morphological and physiological differences between M and P neurons, we identified few genes with significant differential expression between transcriptomic cell types corresponding to these two neuronal populations. Likewise, the dominant feature of TC neurons of the adult mouse dLGN is high transcriptomic similarity, with an axis of heterogeneity that aligns with core vs. shell portions of mouse dLGN. Together, these data show that transcriptomic differences between principal cell types in the mature mammalian dLGN are subtle relative to the observed differences in morphology and cortical projection targets. Finally, alignment of transcriptome profiles across species highlights expanded diversity of GABAergic neurons in primate versus mouse dLGN and homologous types of TC neurons in primates that are distinct from TC neurons in mouse. Overall design: Single-cell RNA-seq data from mouse dLGN, LP, and LGv. Single-nucleus RNA-seq data from Macaque dLGN and pulvinar. Single-cell RNA-seq data from human. >>> Submitter declares that the human raw data will be deposited in dbGaP due to patient privacy concerns. <<<	SRA	total	Sn-scRNA-seq	4343 libraries (2187 commented)	Smart-Seq	Full-length					GSE182211,PRJNA755316,PMID: 34473054 (Mouse librairies all commented because of Cre genotype)
GSE182211	Single-cell and single-nucleus RNA-seq uncovers shared and distinct axes of variation in dorsal LGN neurons in mice, non-human primates, and humans	Abundant evidence supports the presence of at least three distinct types of thalamocortical (TC) neurons in the primate dorsal lateral geniculate nucleus (dLGN) of the thalamus, the brain region that conveys visual information from the retina to the primary visual cortex (V1). Different types of TC neurons in mice, humans, and macaques have distinct morphologies, distinct connectivity patterns, and convey different aspects of visual information to the cortex. To investigate the molecular underpinnings of these cell types, and how these relate to differences in dLGN between human, macaque, and mice, we profiled gene expression in single nuclei and cells using RNA-sequencing. These efforts identified four distinct types of TC neurons in the primate dLGN: magnocellular (M) neurons, parvocellular (P) neurons, and two types of koniocellular (K) neurons. Despite extensively documented morphological and physiological differences between M and P neurons, we identified few genes with significant differential expression between transcriptomic cell types corresponding to these two neuronal populations. Likewise, the dominant feature of TC neurons of the adult mouse dLGN is high transcriptomic similarity, with an axis of heterogeneity that aligns with core vs. shell portions of mouse dLGN. Together, these data show that transcriptomic differences between principal cell types in the mature mammalian dLGN are subtle relative to the observed differences in morphology and cortical projection targets. Finally, alignment of transcriptome profiles across species highlights expanded diversity of GABAergic neurons in primate versus mouse dLGN and homologous types of TC neurons in primates that are distinct from TC neurons in mouse. Overall design: Single-cell RNA-seq data from mouse dLGN, LP, and LGv. Single-nucleus RNA-seq data from Macaque dLGN and pulvinar. Single-cell RNA-seq data from human. >>> Submitter declares that the human raw data will be deposited in dbGaP due to patient privacy concerns. <<<	GEO	total	Sn-scRNA-seq	1209 libraries	Smart-Seq	Full-length					PMID: 34473054
SRP117353	RNA sequencing of Drosophila melanogaster optic lobe cell types	Transcription factors regulate the molecular, morphological, and physiological characters of neurons and generate their impressive cell type diversity. To gain insight into general principles that govern how transcription factors regulate cell type diversity, we used large-scale single-cell mRNA sequencing to characterize the extensive cellular diversity in the Drosophila optic lobes. We sequenced 57,000 single optic lobe neurons and glia and assigned them to 52 clusters of transcriptionally distinct single cells. We validated the clustering and annotated many of the clusters using RNA sequencing of characterized FACS-sorted single cell types, as well as marker genes specific to given clusters. To identify transcription factors responsible for inducing specific terminal differentiation features, we used machine-learning to generate a *random forest* model. The predictive power of the model was confirmed by showing that two transcription factors expressed specifically in cholinergic (apterous) and glutamatergic (traffic-jam) neurons are necessary for the expression of ChAT and VGlut in many, but not all, cholinergic or glutamatergic neurons, respectively. Therefore, the same terminal characters can be regulated by different transcription factors in different cell types, arguing for extensive phenotypic convergence. Our data provide a deep understanding of the developmental and functional specification of a complex brain structure. Overall design: We sequenced 17 FACS-sorted single cell types from the Drosophila optic lobe, as well as FACS-sorted neurons as a control. We also sequenced a line that had GFP expression in two cell types - Tm1 and T1.	SRA	total	scRNA-seq	19 libraries	Smart-Seq v4	Full-length					GSE103772,PRJNA406954,PMID: 29909983
SRP239427	Single-cell Transcriptomes Reveal Diverse Regulatory Strategies for Olfactory Receptor Expression and Axon Targeting	Using single-cell RNA-sequencing, we comprehensively characterized the transcriptomes of Drosophila olfactory receptor neurons (ORNs) from middle pupal stage antennae. These ORNs are from 3 genotypes: nSyb-GAL4 labels 44 ORN types, 85A10-GAL4 labels 5 ORN types, and AM29-GAL4 labels 2 ORN types. Overall design: Single-cell RNA-seq	SRA	total	scRNA-seq	1387 libraries	Adapted Smart-Seq2	Full-length					GSE143038,PRJNA598873,PMID: 32059767
SRP309993	Single-cell RNA-seq of fly glia	Using single-cell RNA-sequencing, we characterized the transcriptomes of Drosophila young and old glial cells from repo+ pan glia and ensheathing glia. scRNAseq was performed using Smart-seq2 platform. Overall design: Single-cell RNA-seq	SRA	total	scRNA-seq	3064 libraries	Smart-Seq2	Full-length					GSE168572,PRJNA708320,PMID: 34290404
SRP126958	Single-cell transcriptome analysis of avian neural crest migration reveals signatures of invasion and molecular transitions [scRNA-seq]	Neural crest cells migrate throughout the embryo, but how cells move in a directed and collective manner has remained unclear. Here, we perform the first single-cell transcriptome analysis of cranial neural crest cell migration at three progressive stages in chick and identify and establish hierarchical relationships between cell position and time-specific transcriptional signatures. We determine a novel transcriptional signature of the most invasive neural crest Trailblazer cells that is consistent during migration and enriched for approximately 900 genes. Knockdown of several Trailblazer genes shows significant but modest changes to total distance migrated. However, in vivo expression analysis by RNAscope and immunohistochemistry reveals some salt and pepper patterns that include strong individual Trailblazer gene expression in cells within other subregions of the migratory stream. These data provide new insights into the molecular diversity and dynamics within a neural crest cell migratory stream that underlie complex directed and collective cell behaviors. Overall design: 501 single cells analyzed from various parts of the migrating neural crest during various timepoints in development. 96 cells from HH11 Trailblazers, 50 cells from HH13 Trailblazers, 50 cells from HH13 Leaders, 60 cells from HH13 Trailers, 50 each from HH15 Trailblazers, Leaders, and Trailers. For definitions, see the extract protocol. Neural crest from a neural tube placed in culture were also analyzed.	SRA	partial	scRNA-seq	405 libraries	Smart-Seq	Full-length					GSE108221,PRJNA422884,PMID: 29199959 (partial because of libraries with cell cultures)
SRP131342	Single-cell sequencing of stage 4 chicken embryos	Abstract from Vermillion et al: During vertebrate development, progenitor cells give rise to tissues and organs through a complex choreography that commences at gastrulation. A hallmark event of gastrulation is the formation of the primitive streak, a linear assembly of cells along the anterior-posterior (AP) axis of the developing organism. To examine the primitive streak at a single-cell resolution, we measured the transcriptomes of individual chick cells from the streak or the surrounding tissue (the rest of the area pellucida) in Hamburger-Hamilton stage 4 embryos. The single-cell transcriptomes were then ordered by the statistical method Wave-Crest to deduce both the relative position along the AP axis and the prospective lineage of single cells. The ordered transcriptomes reveal intricate patterns of gene expression along the primitive streak. Overall design: Examination of single-cells of stage 4 chicken embryos.	SRA	total	scRNA-seq	205 libraries	C1 autoprep	Full-length					GSE89910,PRJNA354269,PMID: 29678445
SRP116037	Identification of genes expressed in a mesenchymal subset regulating prostate organogenesis using tissue and single cell transcriptomics	Prostate organogenesis involves epithelial growth in response to inductive signalling from specialised subsets of mesenchyme. To identify regulators and morphogens active in mesenchyme, we performed transcriptomic analysis using Tag-seq, RNA-seq, and single cell RNA-seq and defined new mesenchymal subsets and markers. We documented transcript expression using Tag-seq and RNA-seq in female rat Ventral Mesenchymal Pad (VMP) as well as adjacent urethra comprised of smooth muscle and peri-urethral mesenchyme. Transcripts enriched in VMP were identified in Tag-seq data from microdissected tissue, and RNA-seq data derived from cell populations and single cells. We identified 400 transcripts as enriched or specific to the VMP using bio-informatic comparisons of Tag-seq and RNA-seq data. Comparison with single cell RNA-seq identified transcripts yielded 45 transcriptscommon to both approaches. Cell subset analysis showed that VMP and adjacent mesenchyme were composed of distinct cell types and that each tissue was comprised of two subgroups. Markers for these subgroups were highly subset specific. Thirteen transcripts were validated by qPCR to confirm cell specific expression in microdissected tissues, as well as expression in neonatal prostate. Immunohistochemical staining demonstrated that Ebf3 and Meis2 showed a restricted expression pattern in VMP condensed mesenchyme. Taken together, we demonstrate that the VMP shows limited cellular heterogeneity and that our high-resolution transcriptomic analysis identified new mesenchymal subset markers associated with prostate organogenesis. Overall design: Tag-sequencing, RNA-sequencing and single-cell RNA-sequencing on 2 female inductive mesenchymal tissues of the developing prostate/urogenital tract.	SRA	partial	scRNA-seq	115 libraries	C1 autoprep	Full-length					GSE103011,PRJNA399753,PMID: 29180763 (partial because some non scRNA-Seq libraries)
SRP292191	Temporal evolution of single-cell transcriptomes of Drosophila olfactory projection neurons	Neurons undergo substantial morphological and functional changes during development to form precise synaptic connections and acquire specific physiological features. What are the underlying transcriptomic bases? Here, we obtained the single-cell transcriptomes of Drosophila olfactory projection neurons (PNs) at four developmental stages. We decoded the identity of 21 transcriptomic clusters corresponding to 20 PN types and developed methods to match transcriptomic clusters representing the same PN type across development. We discovered that PN transcriptomes reflect unique biological processes unfolding at each stage-neurite growth and pruning during metamorphosis at an early pupal stage; peaked transcriptomic diversity during olfactory circuit assembly at mid-pupal stages; and neuronal signaling in adults. At early developmental stages, PN types with adjacent birth order share similar transcriptomes. Together, our work reveals principles of cellular diversity during brain development and provides a resource for future studies of neural development in PNs and other neuronal types. Overall design: Single-cell RNA-seq of Drosophila olfactory projection neurons during development and in adult stage	SRA	total	scRNA-seq	11509 libraries	Adapted Smart-Seq2	Full-length					GSE161228,PRJNA675921,PMID: 33427646
SRP109266	Classifying Drosophila Olfactory Projection Neuron Subtypes by Single-cell RNA Sequencing	How a neuronal cell type is defined and how this relates to its transcriptome are still open questions. The Drosophila olfactory projection neurons (PNs) are among the bestcharacterized neuronal types: Different PN classes target dendrites to distinct olfactory glomeruli and PNs of the same class exhibit indistinguishable anatomical and physiological properties. Using single-cell RNA-sequencing, we comprehensively characterized the transcriptomes of 40 PN classes and unequivocally identified transcriptomes for 6 classes. We found a new lineage-specific transcription factor that instructs PN dendrite targeting. Transcriptomes of closely-related PN classes exhibit the largest difference during circuit assembly, but become indistinguishable in adults, suggesting that neuronal subtype diversity peaks during development. Genes encoding transcription factors and cell-surface molecules are the most differentially expressed, indicating their central roles in specifying neuronal identity. Finally, we show that PNs use highly redundant combinatorial molecular codes to distinguish subtypes, enabling robust specification of cell identity and circuit assembly. Overall design: Single-cell RNA-seq	SRA	total	scRNA-seq	1842 libraries	Adapted Smart-Seq2	Full-length					GSE100058,PRJNA390607,PMID: 29149607
SRP189762	Identification of renal resident macrophages across species [C1]	We use single cell RNA sequencing to identify an evolutionarily conserved gene expression signature in resident macrophages. Based on our single cell data, we show the presence of a core gene expression signature in a cluster of innate immune cells in mouse, rat, pig, and human kidney tissue. Further, using this gene expression signature, we identify novel candidate markers for resident macrophages that span all 4 species tested. Overall design: We performed 10x genomics and fluidigm C1 single cell sequencing on innate immune cells isolated from the kidney of mouse, rat, pig, and human kidney tissue. This series includes mouse and human samples.	SRA	total	scRNA-seq	97 libraries (but 26 are commented)	C1 autoprep	Full-length					GSE128991,PRJNA529657,PMID: 30948627 (some libraries are commented due to potentially not normal conditions)
SRP201124	Single-cell omics reveal human mononuclear phagocyte heterogeneity and inflammatory DC in health and disease	Human mononuclear phagocytes comprise phenotypically and functionally overlapping subsets of dendritic cells (DC) and monocytes, but their identification remains elusive. By integrating high-dimensional single-cell protein and RNA expression data, we clearly delineated monocytes from conventional DC2 (cDC2), identifying new markers including CD88/CD89 for monocytes and HLA-DQ/Fc(?)RI(?) for cDC2, allowing their unambiguous characterization in blood and tissues. We also show that cDC2 can be subdivided into phenotypically and functionally distinct subsets based on CD5, CD163 and CD14 expression, including a unique subset of circulating inflammatory CD5-CD163+CD14+ cells related to previously defined DC3. These inflammatory DC3 were expanded in systemic lupus erythematosus patients, correlating with disease activity. Unravelling the heterogeneity of DC sub-populations in health and disease paves the way for specific DC subset-targeting therapies. Overall design: Indexed single cell RNAseq (scRNAseq) of human peripheral blood dendritic cells and monocytes	SRA	total	scRNA-seq	221 libraries	Adapted Smart-Seq2	Full-length					GSE132566,PRJNA548370,PMID: 31474513, in HCA
SRP110699	Single Cell RNA sequencing analysis of human haemopoietic lympho-myeloid progenitor populations (LMPP, MLP and GMP)	We performed single cell RNA sequencing of human haemopoietic lympho-myeloid progenitors with the aim to separate functionally and transcriptionally distinct progenitors within the heterogeneous GMP, LMPP and MLP populations. We performed RNA sequencing in a total of 415 single cells. From donors 1 (CB369) and 2 (CB431), 163/166 and 157/249 cells passed quality control.We further analysed the 320 single cells that passed quality control from two different donors (157 and 163 from each donor; 91 LMPP, 110 MLP and 119 GMP). We performed clustering using Seurat package, which identified 3 clusters of cells. We identified genes that were differentially expressed among cells of the different clusters. The majority of the cells in cluster 1 were MLP, the majority of cluster 3 were GMP while cluster comprised of LMPP and GMP cells. Cluster 1 showed high expression of lymphoid-affiliated genes. Conversely, cluster 3 showed increased expression of myeloid genes, while cluster 2 showed a mixed transcriptional signature. PCA analysis revealed a transcriptional continuum of LMPP, MLP and GMP populations. Overall design: Transcriptional heterogeneity of LMPP, MLP and GMP human lymphomyeloid progenitors at the single cell level.	SRA	partial	scRNA-seq	415 libraries	Smart-Seq2	Full-length					GSE100618,PRJNA392305,PMID: 29167569 (partial because of empty samples), in HCA
SRP131761	Spatial and single-cell transcriptional profiling identifies functionally distinct human dermal fibroblast subpopulations	Fibroblasts synthesize the extracellular matrix of connective tissue and play an essential role in maintaining tissue integrity. We have previously shown that mouse skin connective tissue, the dermis, is comprised of functionally distinct fibroblast lineages. However, the extent of fibroblast heterogeneity in human skin is unknown. Here, using a combination of spatial transcriptional profiling of human and mouse dermis and single cell transcriptional profiling of human dermal fibroblasts, we show that there are at least four distinct fibroblast populations in adult human skin. We define markers permitting prospective isolation of these cells and show that although marker expression is rapidly lost in culture, different fibroblast subpopulations retain distinct functionality in terms of Wnt signalling, T cell communication and the ability to support human epidermal reconstitution in organotypic culture. Furthermore, while some fibroblast subpopulations are spatially segregated, others are not. These findings have profound implications for normal wound healing and diseases characterized by excessive fibrosis, and suggest that ex vivo expansion or in vivo ablation of specific fibroblast subpopulations may have therapeutic applications. Overall design: Spatial RNA sequencing of human papillary versus reticular dermis for 3 individuals, and single cell RNA sequencing of dermal fibroblasts for a single individual.	SRA	total	scRNA-seq	185 libraries (and 5 bulk)	Smart-Seq2	Full-length					GSE109822,PRJNA432084,PMID: 29391249 (bulk libraries in corresponding table), in HCA
SRP060416	Single cell RNA-sequencing of human tonsil Innate lymphoid cells (ILCs)	Single cell RNA-sequencing of human tonsil Innate lymphoid cells (ILCs) from three independent tonsil donors. Overall design: Sequencing libraries were prepared from FACS sorted individual ILCs with the Smart-Seq2 protocol (Picelli et al. Nature Methods 2013)	SRA	total	scRNA-seq	648 libraries	Adapted Smart-Seq2	Full-length					GSE150050,PRJNA289086,PMID: 33420427, in HCA
ERP118165	SS2_1: Single-cell RNA sequencing of human steady-state immune cells from the lamina propria of colon and matching mesenteric lymph nodes	The human colon contains an extensively diverse microbial ecosystem and one of the most numerous communities of immune cells. Studies have highlighted dynamic crosstalk between immune cells and commensals. While studies have demonstrated increasing diversity of microbiota from stomach to stool, whether and how immune cell heterogeneity and microbiota diversity change across the colon is undefined. Furthermore, whether these changes are co-depended in the healthy colon is unknown. Here, tissue samples are collected from caecum, transverse colon, sigmoid colon and mLN of cadaveric donors by the Cambridge Biorepository of Translational Medicine (CBTM). We use single cell RNA sequencing (10X genomics) to assess the dynamics of immune cell populations across the colon and in matching lymph nodes. Associated microbiome 16S sequencing data is available.	EBI	total	scRNA-seq	768 libraries	Smart-Seq2	Full-length					PRJEB35153, E-MTAB-8484, PMID: 34497389, in HCA, part of Gut Cell Atlas
ERP118273	SS2_2: Single-cell RNA sequencing of human steady-state immune cells from the lamina propria of colon and matching mesenteric lymph nodes	The human colon contains an extensively diverse microbial ecosystem and one of the most numerous communities of immune cells. Studies have highlighted dynamic crosstalk between immune cells and commensals. While studies have demonstrated increasing diversity of microbiota from stomach to stool, whether and how immune cell heterogeneity and microbiota diversity change across the colon is undefined. Furthermore, whether these changes are co-depended in the healthy colon is unknown. Here, tissue samples are collected from caecum, transverse colon, sigmoid colon and mLN of cadaveric donors by the Cambridge Biorepository of Translational Medicine (CBTM). We use single cell RNA sequencing (10X genomics) to assess the dynamics of immune cell populations across the colon and in matching lymph nodes. Associated microbiome 16S sequencing data is available.	EBI	total	scRNA-seq	768 libraries	Smart-Seq2	Full-length					PRJEB35244, E-MTAB-8486, PMID: 34497389, in HCA, part of Gut Cell Atlas
SRP135922	Single cell RNA-seq analysis on human endometrium across the natural menstrual cycle	To unbiasedly and systematically characterize endometrial transformation across the human menstrual cycle in preparation for embryo implantation, we analyzed the transcriptomic transformation of human endometrium at single cell resolution, dissecting multidimensional cellular heterogeneity of the tissue across the entire natural menstrual cycle. Overall design: We collected single cell transcriptome profile of endometrium biopsies sampled from 19 healthy and fertile females, at 4-27 days of their menstrual cycle. [10x dataset] - collected to validate main findings drawn from the original C1 dataset of this study. In this dataset, we collected additional data from 10 endometrial biopsies using the 10x Chromium system. Importantly, we collected both C1 and 10x data for two biopsies, one from mid-secretory phase and the other early-secretory. They served as anchors for a direct comparison between the two datasets, and were referred as ?anchor biopsies? in the manuscript of this study. Biopsies in the 10x dataset were obtained following the same protocol used for the C1 dataset, as described in the manuscript.	SRA	total	scRNA-seq	2158 libraries	C1 autoprep, 10X Genomics	Full-length, 3'end					GSE111976,PRJNA438770,PMID: 34329437, in HCA
ERP124448	A spatially resolved single cell atlas of human gastrulation	Single-cell RNA-seq of 1195 cells obtained from a human embryo at embryonic day 16.	EBI	total	scRNA-seq	1195 libraries	Smart-Seq2	Full-length		PRJEB40781	PMID: 		
