species_id	run_ids	reads_size	rnaseq_lib_path	transcriptome_path	annotation_path	output_directory	custom_intergenic_path
7936		51	/data/FAC/FBM/DEE/mrobinso/bgee_sensitive//FASTQ/RNAseq/7936/SRX2398279	/data/FAC/FBM/DEE/mrobinso/bgee_sensitive///rna_seq/GTF_16/anguilla_anguilla_GCF_013347855.1_fAngAng1.pri.transcriptome_wo_intergenic.fa	/data/FAC/FBM/DEE/mrobinso/bgee_sensitive///rna_seq/GTF_16/anguilla_anguilla_GCF_013347855.1_fAngAng1.pri.gtf	/data/FAC/FBM/DEE/mrobinso/bgee_sensitive//bgee_v16_0/rna_seq/calls//all_results/SRX2398279	/data/FAC/FBM/DEE/mrobinso/bgee_sensitive//bgee_v16_0/rna_seq/ref_intergenic_16/7936_intergenic.fa.gz
7936		51	/data/FAC/FBM/DEE/mrobinso/bgee_sensitive//FASTQ/RNAseq/7936/SRX2398495	/data/FAC/FBM/DEE/mrobinso/bgee_sensitive///rna_seq/GTF_16/anguilla_anguilla_GCF_013347855.1_fAngAng1.pri.transcriptome_wo_intergenic.fa	/data/FAC/FBM/DEE/mrobinso/bgee_sensitive///rna_seq/GTF_16/anguilla_anguilla_GCF_013347855.1_fAngAng1.pri.gtf	/data/FAC/FBM/DEE/mrobinso/bgee_sensitive//bgee_v16_0/rna_seq/calls//all_results/SRX2398495	/data/FAC/FBM/DEE/mrobinso/bgee_sensitive//bgee_v16_0/rna_seq/ref_intergenic_16/7936_intergenic.fa.gz
7936		51	/data/FAC/FBM/DEE/mrobinso/bgee_sensitive//FASTQ/RNAseq/7936/SRX2398590	/data/FAC/FBM/DEE/mrobinso/bgee_sensitive///rna_seq/GTF_16/anguilla_anguilla_GCF_013347855.1_fAngAng1.pri.transcriptome_wo_intergenic.fa	/data/FAC/FBM/DEE/mrobinso/bgee_sensitive///rna_seq/GTF_16/anguilla_anguilla_GCF_013347855.1_fAngAng1.pri.gtf	/data/FAC/FBM/DEE/mrobinso/bgee_sensitive//bgee_v16_0/rna_seq/calls//all_results/SRX2398590	/data/FAC/FBM/DEE/mrobinso/bgee_sensitive//bgee_v16_0/rna_seq/ref_intergenic_16/7936_intergenic.fa.gz
7936		51	/data/FAC/FBM/DEE/mrobinso/bgee_sensitive//FASTQ/RNAseq/7936/SRX2398713	/data/FAC/FBM/DEE/mrobinso/bgee_sensitive///rna_seq/GTF_16/anguilla_anguilla_GCF_013347855.1_fAngAng1.pri.transcriptome_wo_intergenic.fa	/data/FAC/FBM/DEE/mrobinso/bgee_sensitive///rna_seq/GTF_16/anguilla_anguilla_GCF_013347855.1_fAngAng1.pri.gtf	/data/FAC/FBM/DEE/mrobinso/bgee_sensitive//bgee_v16_0/rna_seq/calls//all_results/SRX2398713	/data/FAC/FBM/DEE/mrobinso/bgee_sensitive//bgee_v16_0/rna_seq/ref_intergenic_16/7936_intergenic.fa.gz
7936		51	/data/FAC/FBM/DEE/mrobinso/bgee_sensitive//FASTQ/RNAseq/7936/SRX2398838	/data/FAC/FBM/DEE/mrobinso/bgee_sensitive///rna_seq/GTF_16/anguilla_anguilla_GCF_013347855.1_fAngAng1.pri.transcriptome_wo_intergenic.fa	/data/FAC/FBM/DEE/mrobinso/bgee_sensitive///rna_seq/GTF_16/anguilla_anguilla_GCF_013347855.1_fAngAng1.pri.gtf	/data/FAC/FBM/DEE/mrobinso/bgee_sensitive//bgee_v16_0/rna_seq/calls//all_results/SRX2398838	/data/FAC/FBM/DEE/mrobinso/bgee_sensitive//bgee_v16_0/rna_seq/ref_intergenic_16/7936_intergenic.fa.gz
7936		51	/data/FAC/FBM/DEE/mrobinso/bgee_sensitive//FASTQ/RNAseq/7936/SRX2398840	/data/FAC/FBM/DEE/mrobinso/bgee_sensitive///rna_seq/GTF_16/anguilla_anguilla_GCF_013347855.1_fAngAng1.pri.transcriptome_wo_intergenic.fa	/data/FAC/FBM/DEE/mrobinso/bgee_sensitive///rna_seq/GTF_16/anguilla_anguilla_GCF_013347855.1_fAngAng1.pri.gtf	/data/FAC/FBM/DEE/mrobinso/bgee_sensitive//bgee_v16_0/rna_seq/calls//all_results/SRX2398840	/data/FAC/FBM/DEE/mrobinso/bgee_sensitive//bgee_v16_0/rna_seq/ref_intergenic_16/7936_intergenic.fa.gz
7936		51	/data/FAC/FBM/DEE/mrobinso/bgee_sensitive//FASTQ/RNAseq/7936/SRX2398841	/data/FAC/FBM/DEE/mrobinso/bgee_sensitive///rna_seq/GTF_16/anguilla_anguilla_GCF_013347855.1_fAngAng1.pri.transcriptome_wo_intergenic.fa	/data/FAC/FBM/DEE/mrobinso/bgee_sensitive///rna_seq/GTF_16/anguilla_anguilla_GCF_013347855.1_fAngAng1.pri.gtf	/data/FAC/FBM/DEE/mrobinso/bgee_sensitive//bgee_v16_0/rna_seq/calls//all_results/SRX2398841	/data/FAC/FBM/DEE/mrobinso/bgee_sensitive//bgee_v16_0/rna_seq/ref_intergenic_16/7936_intergenic.fa.gz
7936		51	/data/FAC/FBM/DEE/mrobinso/bgee_sensitive//FASTQ/RNAseq/7936/SRX2398842	/data/FAC/FBM/DEE/mrobinso/bgee_sensitive///rna_seq/GTF_16/anguilla_anguilla_GCF_013347855.1_fAngAng1.pri.transcriptome_wo_intergenic.fa	/data/FAC/FBM/DEE/mrobinso/bgee_sensitive///rna_seq/GTF_16/anguilla_anguilla_GCF_013347855.1_fAngAng1.pri.gtf	/data/FAC/FBM/DEE/mrobinso/bgee_sensitive//bgee_v16_0/rna_seq/calls//all_results/SRX2398842	/data/FAC/FBM/DEE/mrobinso/bgee_sensitive//bgee_v16_0/rna_seq/ref_intergenic_16/7936_intergenic.fa.gz
7936		51	/data/FAC/FBM/DEE/mrobinso/bgee_sensitive//FASTQ/RNAseq/7936/SRX2401380	/data/FAC/FBM/DEE/mrobinso/bgee_sensitive///rna_seq/GTF_16/anguilla_anguilla_GCF_013347855.1_fAngAng1.pri.transcriptome_wo_intergenic.fa	/data/FAC/FBM/DEE/mrobinso/bgee_sensitive///rna_seq/GTF_16/anguilla_anguilla_GCF_013347855.1_fAngAng1.pri.gtf	/data/FAC/FBM/DEE/mrobinso/bgee_sensitive//bgee_v16_0/rna_seq/calls//all_results/SRX2401380	/data/FAC/FBM/DEE/mrobinso/bgee_sensitive//bgee_v16_0/rna_seq/ref_intergenic_16/7936_intergenic.fa.gz
7936		51	/data/FAC/FBM/DEE/mrobinso/bgee_sensitive//FASTQ/RNAseq/7936/SRX2401388	/data/FAC/FBM/DEE/mrobinso/bgee_sensitive///rna_seq/GTF_16/anguilla_anguilla_GCF_013347855.1_fAngAng1.pri.transcriptome_wo_intergenic.fa	/data/FAC/FBM/DEE/mrobinso/bgee_sensitive///rna_seq/GTF_16/anguilla_anguilla_GCF_013347855.1_fAngAng1.pri.gtf	/data/FAC/FBM/DEE/mrobinso/bgee_sensitive//bgee_v16_0/rna_seq/calls//all_results/SRX2401388	/data/FAC/FBM/DEE/mrobinso/bgee_sensitive//bgee_v16_0/rna_seq/ref_intergenic_16/7936_intergenic.fa.gz
7936		51	/data/FAC/FBM/DEE/mrobinso/bgee_sensitive//FASTQ/RNAseq/7936/SRX2401414	/data/FAC/FBM/DEE/mrobinso/bgee_sensitive///rna_seq/GTF_16/anguilla_anguilla_GCF_013347855.1_fAngAng1.pri.transcriptome_wo_intergenic.fa	/data/FAC/FBM/DEE/mrobinso/bgee_sensitive///rna_seq/GTF_16/anguilla_anguilla_GCF_013347855.1_fAngAng1.pri.gtf	/data/FAC/FBM/DEE/mrobinso/bgee_sensitive//bgee_v16_0/rna_seq/calls//all_results/SRX2401414	/data/FAC/FBM/DEE/mrobinso/bgee_sensitive//bgee_v16_0/rna_seq/ref_intergenic_16/7936_intergenic.fa.gz
7936		51	/data/FAC/FBM/DEE/mrobinso/bgee_sensitive//FASTQ/RNAseq/7936/SRX2401438	/data/FAC/FBM/DEE/mrobinso/bgee_sensitive///rna_seq/GTF_16/anguilla_anguilla_GCF_013347855.1_fAngAng1.pri.transcriptome_wo_intergenic.fa	/data/FAC/FBM/DEE/mrobinso/bgee_sensitive///rna_seq/GTF_16/anguilla_anguilla_GCF_013347855.1_fAngAng1.pri.gtf	/data/FAC/FBM/DEE/mrobinso/bgee_sensitive//bgee_v16_0/rna_seq/calls//all_results/SRX2401438	/data/FAC/FBM/DEE/mrobinso/bgee_sensitive//bgee_v16_0/rna_seq/ref_intergenic_16/7936_intergenic.fa.gz
7936		51	/data/FAC/FBM/DEE/mrobinso/bgee_sensitive//FASTQ/RNAseq/7936/SRX3058360	/data/FAC/FBM/DEE/mrobinso/bgee_sensitive///rna_seq/GTF_16/anguilla_anguilla_GCF_013347855.1_fAngAng1.pri.transcriptome_wo_intergenic.fa	/data/FAC/FBM/DEE/mrobinso/bgee_sensitive///rna_seq/GTF_16/anguilla_anguilla_GCF_013347855.1_fAngAng1.pri.gtf	/data/FAC/FBM/DEE/mrobinso/bgee_sensitive//bgee_v16_0/rna_seq/calls//all_results/SRX3058360	/data/FAC/FBM/DEE/mrobinso/bgee_sensitive//bgee_v16_0/rna_seq/ref_intergenic_16/7936_intergenic.fa.gz
7936		51	/data/FAC/FBM/DEE/mrobinso/bgee_sensitive//FASTQ/RNAseq/7936/SRX3058361	/data/FAC/FBM/DEE/mrobinso/bgee_sensitive///rna_seq/GTF_16/anguilla_anguilla_GCF_013347855.1_fAngAng1.pri.transcriptome_wo_intergenic.fa	/data/FAC/FBM/DEE/mrobinso/bgee_sensitive///rna_seq/GTF_16/anguilla_anguilla_GCF_013347855.1_fAngAng1.pri.gtf	/data/FAC/FBM/DEE/mrobinso/bgee_sensitive//bgee_v16_0/rna_seq/calls//all_results/SRX3058361	/data/FAC/FBM/DEE/mrobinso/bgee_sensitive//bgee_v16_0/rna_seq/ref_intergenic_16/7936_intergenic.fa.gz
7936		51	/data/FAC/FBM/DEE/mrobinso/bgee_sensitive//FASTQ/RNAseq/7936/SRX3058363	/data/FAC/FBM/DEE/mrobinso/bgee_sensitive///rna_seq/GTF_16/anguilla_anguilla_GCF_013347855.1_fAngAng1.pri.transcriptome_wo_intergenic.fa	/data/FAC/FBM/DEE/mrobinso/bgee_sensitive///rna_seq/GTF_16/anguilla_anguilla_GCF_013347855.1_fAngAng1.pri.gtf	/data/FAC/FBM/DEE/mrobinso/bgee_sensitive//bgee_v16_0/rna_seq/calls//all_results/SRX3058363	/data/FAC/FBM/DEE/mrobinso/bgee_sensitive//bgee_v16_0/rna_seq/ref_intergenic_16/7936_intergenic.fa.gz
7936		51	/data/FAC/FBM/DEE/mrobinso/bgee_sensitive//FASTQ/RNAseq/7936/SRX3058366	/data/FAC/FBM/DEE/mrobinso/bgee_sensitive///rna_seq/GTF_16/anguilla_anguilla_GCF_013347855.1_fAngAng1.pri.transcriptome_wo_intergenic.fa	/data/FAC/FBM/DEE/mrobinso/bgee_sensitive///rna_seq/GTF_16/anguilla_anguilla_GCF_013347855.1_fAngAng1.pri.gtf	/data/FAC/FBM/DEE/mrobinso/bgee_sensitive//bgee_v16_0/rna_seq/calls//all_results/SRX3058366	/data/FAC/FBM/DEE/mrobinso/bgee_sensitive//bgee_v16_0/rna_seq/ref_intergenic_16/7936_intergenic.fa.gz
7936		51	/data/FAC/FBM/DEE/mrobinso/bgee_sensitive//FASTQ/RNAseq/7936/SRX3058369	/data/FAC/FBM/DEE/mrobinso/bgee_sensitive///rna_seq/GTF_16/anguilla_anguilla_GCF_013347855.1_fAngAng1.pri.transcriptome_wo_intergenic.fa	/data/FAC/FBM/DEE/mrobinso/bgee_sensitive///rna_seq/GTF_16/anguilla_anguilla_GCF_013347855.1_fAngAng1.pri.gtf	/data/FAC/FBM/DEE/mrobinso/bgee_sensitive//bgee_v16_0/rna_seq/calls//all_results/SRX3058369	/data/FAC/FBM/DEE/mrobinso/bgee_sensitive//bgee_v16_0/rna_seq/ref_intergenic_16/7936_intergenic.fa.gz
7936		51	/data/FAC/FBM/DEE/mrobinso/bgee_sensitive//FASTQ/RNAseq/7936/SRX3058370	/data/FAC/FBM/DEE/mrobinso/bgee_sensitive///rna_seq/GTF_16/anguilla_anguilla_GCF_013347855.1_fAngAng1.pri.transcriptome_wo_intergenic.fa	/data/FAC/FBM/DEE/mrobinso/bgee_sensitive///rna_seq/GTF_16/anguilla_anguilla_GCF_013347855.1_fAngAng1.pri.gtf	/data/FAC/FBM/DEE/mrobinso/bgee_sensitive//bgee_v16_0/rna_seq/calls//all_results/SRX3058370	/data/FAC/FBM/DEE/mrobinso/bgee_sensitive//bgee_v16_0/rna_seq/ref_intergenic_16/7936_intergenic.fa.gz
7936		51	/data/FAC/FBM/DEE/mrobinso/bgee_sensitive//FASTQ/RNAseq/7936/SRX3058371	/data/FAC/FBM/DEE/mrobinso/bgee_sensitive///rna_seq/GTF_16/anguilla_anguilla_GCF_013347855.1_fAngAng1.pri.transcriptome_wo_intergenic.fa	/data/FAC/FBM/DEE/mrobinso/bgee_sensitive///rna_seq/GTF_16/anguilla_anguilla_GCF_013347855.1_fAngAng1.pri.gtf	/data/FAC/FBM/DEE/mrobinso/bgee_sensitive//bgee_v16_0/rna_seq/calls//all_results/SRX3058371	/data/FAC/FBM/DEE/mrobinso/bgee_sensitive//bgee_v16_0/rna_seq/ref_intergenic_16/7936_intergenic.fa.gz
7936		51	/data/FAC/FBM/DEE/mrobinso/bgee_sensitive//FASTQ/RNAseq/7936/SRX3058372	/data/FAC/FBM/DEE/mrobinso/bgee_sensitive///rna_seq/GTF_16/anguilla_anguilla_GCF_013347855.1_fAngAng1.pri.transcriptome_wo_intergenic.fa	/data/FAC/FBM/DEE/mrobinso/bgee_sensitive///rna_seq/GTF_16/anguilla_anguilla_GCF_013347855.1_fAngAng1.pri.gtf	/data/FAC/FBM/DEE/mrobinso/bgee_sensitive//bgee_v16_0/rna_seq/calls//all_results/SRX3058372	/data/FAC/FBM/DEE/mrobinso/bgee_sensitive//bgee_v16_0/rna_seq/ref_intergenic_16/7936_intergenic.fa.gz
7936		51	/data/FAC/FBM/DEE/mrobinso/bgee_sensitive//FASTQ/RNAseq/7936/SRX3058373	/data/FAC/FBM/DEE/mrobinso/bgee_sensitive///rna_seq/GTF_16/anguilla_anguilla_GCF_013347855.1_fAngAng1.pri.transcriptome_wo_intergenic.fa	/data/FAC/FBM/DEE/mrobinso/bgee_sensitive///rna_seq/GTF_16/anguilla_anguilla_GCF_013347855.1_fAngAng1.pri.gtf	/data/FAC/FBM/DEE/mrobinso/bgee_sensitive//bgee_v16_0/rna_seq/calls//all_results/SRX3058373	/data/FAC/FBM/DEE/mrobinso/bgee_sensitive//bgee_v16_0/rna_seq/ref_intergenic_16/7936_intergenic.fa.gz
7936		51	/data/FAC/FBM/DEE/mrobinso/bgee_sensitive//FASTQ/RNAseq/7936/SRX3058374	/data/FAC/FBM/DEE/mrobinso/bgee_sensitive///rna_seq/GTF_16/anguilla_anguilla_GCF_013347855.1_fAngAng1.pri.transcriptome_wo_intergenic.fa	/data/FAC/FBM/DEE/mrobinso/bgee_sensitive///rna_seq/GTF_16/anguilla_anguilla_GCF_013347855.1_fAngAng1.pri.gtf	/data/FAC/FBM/DEE/mrobinso/bgee_sensitive//bgee_v16_0/rna_seq/calls//all_results/SRX3058374	/data/FAC/FBM/DEE/mrobinso/bgee_sensitive//bgee_v16_0/rna_seq/ref_intergenic_16/7936_intergenic.fa.gz
7936		151	/data/FAC/FBM/DEE/mrobinso/bgee_sensitive//FASTQ/RNAseq/7936/SRX3058377	/data/FAC/FBM/DEE/mrobinso/bgee_sensitive///rna_seq/GTF_16/anguilla_anguilla_GCF_013347855.1_fAngAng1.pri.transcriptome_wo_intergenic.fa	/data/FAC/FBM/DEE/mrobinso/bgee_sensitive///rna_seq/GTF_16/anguilla_anguilla_GCF_013347855.1_fAngAng1.pri.gtf	/data/FAC/FBM/DEE/mrobinso/bgee_sensitive//bgee_v16_0/rna_seq/calls//all_results/SRX3058377	/data/FAC/FBM/DEE/mrobinso/bgee_sensitive//bgee_v16_0/rna_seq/ref_intergenic_16/7936_intergenic.fa.gz
7936		151	/data/FAC/FBM/DEE/mrobinso/bgee_sensitive//FASTQ/RNAseq/7936/SRX3058378	/data/FAC/FBM/DEE/mrobinso/bgee_sensitive///rna_seq/GTF_16/anguilla_anguilla_GCF_013347855.1_fAngAng1.pri.transcriptome_wo_intergenic.fa	/data/FAC/FBM/DEE/mrobinso/bgee_sensitive///rna_seq/GTF_16/anguilla_anguilla_GCF_013347855.1_fAngAng1.pri.gtf	/data/FAC/FBM/DEE/mrobinso/bgee_sensitive//bgee_v16_0/rna_seq/calls//all_results/SRX3058378	/data/FAC/FBM/DEE/mrobinso/bgee_sensitive//bgee_v16_0/rna_seq/ref_intergenic_16/7936_intergenic.fa.gz
7936		151	/data/FAC/FBM/DEE/mrobinso/bgee_sensitive//FASTQ/RNAseq/7936/SRX3058379	/data/FAC/FBM/DEE/mrobinso/bgee_sensitive///rna_seq/GTF_16/anguilla_anguilla_GCF_013347855.1_fAngAng1.pri.transcriptome_wo_intergenic.fa	/data/FAC/FBM/DEE/mrobinso/bgee_sensitive///rna_seq/GTF_16/anguilla_anguilla_GCF_013347855.1_fAngAng1.pri.gtf	/data/FAC/FBM/DEE/mrobinso/bgee_sensitive//bgee_v16_0/rna_seq/calls//all_results/SRX3058379	/data/FAC/FBM/DEE/mrobinso/bgee_sensitive//bgee_v16_0/rna_seq/ref_intergenic_16/7936_intergenic.fa.gz
7936		100	/data/FAC/FBM/DEE/mrobinso/bgee_sensitive//FASTQ/RNAseq/7936/SRX666380	/data/FAC/FBM/DEE/mrobinso/bgee_sensitive///rna_seq/GTF_16/anguilla_anguilla_GCF_013347855.1_fAngAng1.pri.transcriptome_wo_intergenic.fa	/data/FAC/FBM/DEE/mrobinso/bgee_sensitive///rna_seq/GTF_16/anguilla_anguilla_GCF_013347855.1_fAngAng1.pri.gtf	/data/FAC/FBM/DEE/mrobinso/bgee_sensitive//bgee_v16_0/rna_seq/calls//all_results/SRX666380	/data/FAC/FBM/DEE/mrobinso/bgee_sensitive//bgee_v16_0/rna_seq/ref_intergenic_16/7936_intergenic.fa.gz
7936		100	/data/FAC/FBM/DEE/mrobinso/bgee_sensitive//FASTQ/RNAseq/7936/SRX666381	/data/FAC/FBM/DEE/mrobinso/bgee_sensitive///rna_seq/GTF_16/anguilla_anguilla_GCF_013347855.1_fAngAng1.pri.transcriptome_wo_intergenic.fa	/data/FAC/FBM/DEE/mrobinso/bgee_sensitive///rna_seq/GTF_16/anguilla_anguilla_GCF_013347855.1_fAngAng1.pri.gtf	/data/FAC/FBM/DEE/mrobinso/bgee_sensitive//bgee_v16_0/rna_seq/calls//all_results/SRX666381	/data/FAC/FBM/DEE/mrobinso/bgee_sensitive//bgee_v16_0/rna_seq/ref_intergenic_16/7936_intergenic.fa.gz
7936		100	/data/FAC/FBM/DEE/mrobinso/bgee_sensitive//FASTQ/RNAseq/7936/SRX666382	/data/FAC/FBM/DEE/mrobinso/bgee_sensitive///rna_seq/GTF_16/anguilla_anguilla_GCF_013347855.1_fAngAng1.pri.transcriptome_wo_intergenic.fa	/data/FAC/FBM/DEE/mrobinso/bgee_sensitive///rna_seq/GTF_16/anguilla_anguilla_GCF_013347855.1_fAngAng1.pri.gtf	/data/FAC/FBM/DEE/mrobinso/bgee_sensitive//bgee_v16_0/rna_seq/calls//all_results/SRX666382	/data/FAC/FBM/DEE/mrobinso/bgee_sensitive//bgee_v16_0/rna_seq/ref_intergenic_16/7936_intergenic.fa.gz
7936		100	/data/FAC/FBM/DEE/mrobinso/bgee_sensitive//FASTQ/RNAseq/7936/SRX666383	/data/FAC/FBM/DEE/mrobinso/bgee_sensitive///rna_seq/GTF_16/anguilla_anguilla_GCF_013347855.1_fAngAng1.pri.transcriptome_wo_intergenic.fa	/data/FAC/FBM/DEE/mrobinso/bgee_sensitive///rna_seq/GTF_16/anguilla_anguilla_GCF_013347855.1_fAngAng1.pri.gtf	/data/FAC/FBM/DEE/mrobinso/bgee_sensitive//bgee_v16_0/rna_seq/calls//all_results/SRX666383	/data/FAC/FBM/DEE/mrobinso/bgee_sensitive//bgee_v16_0/rna_seq/ref_intergenic_16/7936_intergenic.fa.gz
7936		100	/data/FAC/FBM/DEE/mrobinso/bgee_sensitive//FASTQ/RNAseq/7936/SRX666384	/data/FAC/FBM/DEE/mrobinso/bgee_sensitive///rna_seq/GTF_16/anguilla_anguilla_GCF_013347855.1_fAngAng1.pri.transcriptome_wo_intergenic.fa	/data/FAC/FBM/DEE/mrobinso/bgee_sensitive///rna_seq/GTF_16/anguilla_anguilla_GCF_013347855.1_fAngAng1.pri.gtf	/data/FAC/FBM/DEE/mrobinso/bgee_sensitive//bgee_v16_0/rna_seq/calls//all_results/SRX666384	/data/FAC/FBM/DEE/mrobinso/bgee_sensitive//bgee_v16_0/rna_seq/ref_intergenic_16/7936_intergenic.fa.gz
7936		100	/data/FAC/FBM/DEE/mrobinso/bgee_sensitive//FASTQ/RNAseq/7936/SRX666385	/data/FAC/FBM/DEE/mrobinso/bgee_sensitive///rna_seq/GTF_16/anguilla_anguilla_GCF_013347855.1_fAngAng1.pri.transcriptome_wo_intergenic.fa	/data/FAC/FBM/DEE/mrobinso/bgee_sensitive///rna_seq/GTF_16/anguilla_anguilla_GCF_013347855.1_fAngAng1.pri.gtf	/data/FAC/FBM/DEE/mrobinso/bgee_sensitive//bgee_v16_0/rna_seq/calls//all_results/SRX666385	/data/FAC/FBM/DEE/mrobinso/bgee_sensitive//bgee_v16_0/rna_seq/ref_intergenic_16/7936_intergenic.fa.gz
7936		100	/data/FAC/FBM/DEE/mrobinso/bgee_sensitive//FASTQ/RNAseq/7936/SRX666386	/data/FAC/FBM/DEE/mrobinso/bgee_sensitive///rna_seq/GTF_16/anguilla_anguilla_GCF_013347855.1_fAngAng1.pri.transcriptome_wo_intergenic.fa	/data/FAC/FBM/DEE/mrobinso/bgee_sensitive///rna_seq/GTF_16/anguilla_anguilla_GCF_013347855.1_fAngAng1.pri.gtf	/data/FAC/FBM/DEE/mrobinso/bgee_sensitive//bgee_v16_0/rna_seq/calls//all_results/SRX666386	/data/FAC/FBM/DEE/mrobinso/bgee_sensitive//bgee_v16_0/rna_seq/ref_intergenic_16/7936_intergenic.fa.gz
7936		100	/data/FAC/FBM/DEE/mrobinso/bgee_sensitive//FASTQ/RNAseq/7936/SRX666387	/data/FAC/FBM/DEE/mrobinso/bgee_sensitive///rna_seq/GTF_16/anguilla_anguilla_GCF_013347855.1_fAngAng1.pri.transcriptome_wo_intergenic.fa	/data/FAC/FBM/DEE/mrobinso/bgee_sensitive///rna_seq/GTF_16/anguilla_anguilla_GCF_013347855.1_fAngAng1.pri.gtf	/data/FAC/FBM/DEE/mrobinso/bgee_sensitive//bgee_v16_0/rna_seq/calls//all_results/SRX666387	/data/FAC/FBM/DEE/mrobinso/bgee_sensitive//bgee_v16_0/rna_seq/ref_intergenic_16/7936_intergenic.fa.gz
7936		100	/data/FAC/FBM/DEE/mrobinso/bgee_sensitive//FASTQ/RNAseq/7936/SRX666388	/data/FAC/FBM/DEE/mrobinso/bgee_sensitive///rna_seq/GTF_16/anguilla_anguilla_GCF_013347855.1_fAngAng1.pri.transcriptome_wo_intergenic.fa	/data/FAC/FBM/DEE/mrobinso/bgee_sensitive///rna_seq/GTF_16/anguilla_anguilla_GCF_013347855.1_fAngAng1.pri.gtf	/data/FAC/FBM/DEE/mrobinso/bgee_sensitive//bgee_v16_0/rna_seq/calls//all_results/SRX666388	/data/FAC/FBM/DEE/mrobinso/bgee_sensitive//bgee_v16_0/rna_seq/ref_intergenic_16/7936_intergenic.fa.gz
7936		100	/data/FAC/FBM/DEE/mrobinso/bgee_sensitive//FASTQ/RNAseq/7936/SRX666389	/data/FAC/FBM/DEE/mrobinso/bgee_sensitive///rna_seq/GTF_16/anguilla_anguilla_GCF_013347855.1_fAngAng1.pri.transcriptome_wo_intergenic.fa	/data/FAC/FBM/DEE/mrobinso/bgee_sensitive///rna_seq/GTF_16/anguilla_anguilla_GCF_013347855.1_fAngAng1.pri.gtf	/data/FAC/FBM/DEE/mrobinso/bgee_sensitive//bgee_v16_0/rna_seq/calls//all_results/SRX666389	/data/FAC/FBM/DEE/mrobinso/bgee_sensitive//bgee_v16_0/rna_seq/ref_intergenic_16/7936_intergenic.fa.gz
7936		100	/data/FAC/FBM/DEE/mrobinso/bgee_sensitive//FASTQ/RNAseq/7936/SRX666390	/data/FAC/FBM/DEE/mrobinso/bgee_sensitive///rna_seq/GTF_16/anguilla_anguilla_GCF_013347855.1_fAngAng1.pri.transcriptome_wo_intergenic.fa	/data/FAC/FBM/DEE/mrobinso/bgee_sensitive///rna_seq/GTF_16/anguilla_anguilla_GCF_013347855.1_fAngAng1.pri.gtf	/data/FAC/FBM/DEE/mrobinso/bgee_sensitive//bgee_v16_0/rna_seq/calls//all_results/SRX666390	/data/FAC/FBM/DEE/mrobinso/bgee_sensitive//bgee_v16_0/rna_seq/ref_intergenic_16/7936_intergenic.fa.gz
8355		54	/data/FAC/FBM/DEE/mrobinso/bgee_sensitive//FASTQ/RNAseq/8355/SRX1054490	/data/FAC/FBM/DEE/mrobinso/bgee_sensitive///rna_seq/GTF_16/xenopus_laevis_GCF_017654675.1_Xenopus_laevis_v10.1.transcriptome_wo_intergenic.fa	/data/FAC/FBM/DEE/mrobinso/bgee_sensitive///rna_seq/GTF_16/xenopus_laevis_GCF_017654675.1_Xenopus_laevis_v10.1.gtf	/data/FAC/FBM/DEE/mrobinso/bgee_sensitive//bgee_v16_0/rna_seq/calls//all_results/SRX1054490	/data/FAC/FBM/DEE/mrobinso/bgee_sensitive//bgee_v16_0/rna_seq/ref_intergenic_16/8355_intergenic.fa.gz
8355		100	/data/FAC/FBM/DEE/mrobinso/bgee_sensitive//FASTQ/RNAseq/8355/SRX1286458	/data/FAC/FBM/DEE/mrobinso/bgee_sensitive///rna_seq/GTF_16/xenopus_laevis_GCF_017654675.1_Xenopus_laevis_v10.1.transcriptome_wo_intergenic.fa	/data/FAC/FBM/DEE/mrobinso/bgee_sensitive///rna_seq/GTF_16/xenopus_laevis_GCF_017654675.1_Xenopus_laevis_v10.1.gtf	/data/FAC/FBM/DEE/mrobinso/bgee_sensitive//bgee_v16_0/rna_seq/calls//all_results/SRX1286458	/data/FAC/FBM/DEE/mrobinso/bgee_sensitive//bgee_v16_0/rna_seq/ref_intergenic_16/8355_intergenic.fa.gz
8355		100	/data/FAC/FBM/DEE/mrobinso/bgee_sensitive//FASTQ/RNAseq/8355/SRX1286459	/data/FAC/FBM/DEE/mrobinso/bgee_sensitive///rna_seq/GTF_16/xenopus_laevis_GCF_017654675.1_Xenopus_laevis_v10.1.transcriptome_wo_intergenic.fa	/data/FAC/FBM/DEE/mrobinso/bgee_sensitive///rna_seq/GTF_16/xenopus_laevis_GCF_017654675.1_Xenopus_laevis_v10.1.gtf	/data/FAC/FBM/DEE/mrobinso/bgee_sensitive//bgee_v16_0/rna_seq/calls//all_results/SRX1286459	/data/FAC/FBM/DEE/mrobinso/bgee_sensitive//bgee_v16_0/rna_seq/ref_intergenic_16/8355_intergenic.fa.gz
8355		100	/data/FAC/FBM/DEE/mrobinso/bgee_sensitive//FASTQ/RNAseq/8355/SRX1286460	/data/FAC/FBM/DEE/mrobinso/bgee_sensitive///rna_seq/GTF_16/xenopus_laevis_GCF_017654675.1_Xenopus_laevis_v10.1.transcriptome_wo_intergenic.fa	/data/FAC/FBM/DEE/mrobinso/bgee_sensitive///rna_seq/GTF_16/xenopus_laevis_GCF_017654675.1_Xenopus_laevis_v10.1.gtf	/data/FAC/FBM/DEE/mrobinso/bgee_sensitive//bgee_v16_0/rna_seq/calls//all_results/SRX1286460	/data/FAC/FBM/DEE/mrobinso/bgee_sensitive//bgee_v16_0/rna_seq/ref_intergenic_16/8355_intergenic.fa.gz
8355		100	/data/FAC/FBM/DEE/mrobinso/bgee_sensitive//FASTQ/RNAseq/8355/SRX1286461	/data/FAC/FBM/DEE/mrobinso/bgee_sensitive///rna_seq/GTF_16/xenopus_laevis_GCF_017654675.1_Xenopus_laevis_v10.1.transcriptome_wo_intergenic.fa	/data/FAC/FBM/DEE/mrobinso/bgee_sensitive///rna_seq/GTF_16/xenopus_laevis_GCF_017654675.1_Xenopus_laevis_v10.1.gtf	/data/FAC/FBM/DEE/mrobinso/bgee_sensitive//bgee_v16_0/rna_seq/calls//all_results/SRX1286461	/data/FAC/FBM/DEE/mrobinso/bgee_sensitive//bgee_v16_0/rna_seq/ref_intergenic_16/8355_intergenic.fa.gz
8355		100	/data/FAC/FBM/DEE/mrobinso/bgee_sensitive//FASTQ/RNAseq/8355/SRX1286462	/data/FAC/FBM/DEE/mrobinso/bgee_sensitive///rna_seq/GTF_16/xenopus_laevis_GCF_017654675.1_Xenopus_laevis_v10.1.transcriptome_wo_intergenic.fa	/data/FAC/FBM/DEE/mrobinso/bgee_sensitive///rna_seq/GTF_16/xenopus_laevis_GCF_017654675.1_Xenopus_laevis_v10.1.gtf	/data/FAC/FBM/DEE/mrobinso/bgee_sensitive//bgee_v16_0/rna_seq/calls//all_results/SRX1286462	/data/FAC/FBM/DEE/mrobinso/bgee_sensitive//bgee_v16_0/rna_seq/ref_intergenic_16/8355_intergenic.fa.gz
8355		100	/data/FAC/FBM/DEE/mrobinso/bgee_sensitive//FASTQ/RNAseq/8355/SRX1286463	/data/FAC/FBM/DEE/mrobinso/bgee_sensitive///rna_seq/GTF_16/xenopus_laevis_GCF_017654675.1_Xenopus_laevis_v10.1.transcriptome_wo_intergenic.fa	/data/FAC/FBM/DEE/mrobinso/bgee_sensitive///rna_seq/GTF_16/xenopus_laevis_GCF_017654675.1_Xenopus_laevis_v10.1.gtf	/data/FAC/FBM/DEE/mrobinso/bgee_sensitive//bgee_v16_0/rna_seq/calls//all_results/SRX1286463	/data/FAC/FBM/DEE/mrobinso/bgee_sensitive//bgee_v16_0/rna_seq/ref_intergenic_16/8355_intergenic.fa.gz
8355		100	/data/FAC/FBM/DEE/mrobinso/bgee_sensitive//FASTQ/RNAseq/8355/SRX1286464	/data/FAC/FBM/DEE/mrobinso/bgee_sensitive///rna_seq/GTF_16/xenopus_laevis_GCF_017654675.1_Xenopus_laevis_v10.1.transcriptome_wo_intergenic.fa	/data/FAC/FBM/DEE/mrobinso/bgee_sensitive///rna_seq/GTF_16/xenopus_laevis_GCF_017654675.1_Xenopus_laevis_v10.1.gtf	/data/FAC/FBM/DEE/mrobinso/bgee_sensitive//bgee_v16_0/rna_seq/calls//all_results/SRX1286464	/data/FAC/FBM/DEE/mrobinso/bgee_sensitive//bgee_v16_0/rna_seq/ref_intergenic_16/8355_intergenic.fa.gz
8355		100	/data/FAC/FBM/DEE/mrobinso/bgee_sensitive//FASTQ/RNAseq/8355/SRX1286465	/data/FAC/FBM/DEE/mrobinso/bgee_sensitive///rna_seq/GTF_16/xenopus_laevis_GCF_017654675.1_Xenopus_laevis_v10.1.transcriptome_wo_intergenic.fa	/data/FAC/FBM/DEE/mrobinso/bgee_sensitive///rna_seq/GTF_16/xenopus_laevis_GCF_017654675.1_Xenopus_laevis_v10.1.gtf	/data/FAC/FBM/DEE/mrobinso/bgee_sensitive//bgee_v16_0/rna_seq/calls//all_results/SRX1286465	/data/FAC/FBM/DEE/mrobinso/bgee_sensitive//bgee_v16_0/rna_seq/ref_intergenic_16/8355_intergenic.fa.gz
8355		100	/data/FAC/FBM/DEE/mrobinso/bgee_sensitive//FASTQ/RNAseq/8355/SRX1286466	/data/FAC/FBM/DEE/mrobinso/bgee_sensitive///rna_seq/GTF_16/xenopus_laevis_GCF_017654675.1_Xenopus_laevis_v10.1.transcriptome_wo_intergenic.fa	/data/FAC/FBM/DEE/mrobinso/bgee_sensitive///rna_seq/GTF_16/xenopus_laevis_GCF_017654675.1_Xenopus_laevis_v10.1.gtf	/data/FAC/FBM/DEE/mrobinso/bgee_sensitive//bgee_v16_0/rna_seq/calls//all_results/SRX1286466	/data/FAC/FBM/DEE/mrobinso/bgee_sensitive//bgee_v16_0/rna_seq/ref_intergenic_16/8355_intergenic.fa.gz
8355		100	/data/FAC/FBM/DEE/mrobinso/bgee_sensitive//FASTQ/RNAseq/8355/SRX1286467	/data/FAC/FBM/DEE/mrobinso/bgee_sensitive///rna_seq/GTF_16/xenopus_laevis_GCF_017654675.1_Xenopus_laevis_v10.1.transcriptome_wo_intergenic.fa	/data/FAC/FBM/DEE/mrobinso/bgee_sensitive///rna_seq/GTF_16/xenopus_laevis_GCF_017654675.1_Xenopus_laevis_v10.1.gtf	/data/FAC/FBM/DEE/mrobinso/bgee_sensitive//bgee_v16_0/rna_seq/calls//all_results/SRX1286467	/data/FAC/FBM/DEE/mrobinso/bgee_sensitive//bgee_v16_0/rna_seq/ref_intergenic_16/8355_intergenic.fa.gz
8355		100	/data/FAC/FBM/DEE/mrobinso/bgee_sensitive//FASTQ/RNAseq/8355/SRX1286468	/data/FAC/FBM/DEE/mrobinso/bgee_sensitive///rna_seq/GTF_16/xenopus_laevis_GCF_017654675.1_Xenopus_laevis_v10.1.transcriptome_wo_intergenic.fa	/data/FAC/FBM/DEE/mrobinso/bgee_sensitive///rna_seq/GTF_16/xenopus_laevis_GCF_017654675.1_Xenopus_laevis_v10.1.gtf	/data/FAC/FBM/DEE/mrobinso/bgee_sensitive//bgee_v16_0/rna_seq/calls//all_results/SRX1286468	/data/FAC/FBM/DEE/mrobinso/bgee_sensitive//bgee_v16_0/rna_seq/ref_intergenic_16/8355_intergenic.fa.gz
8355		100	/data/FAC/FBM/DEE/mrobinso/bgee_sensitive//FASTQ/RNAseq/8355/SRX1286469	/data/FAC/FBM/DEE/mrobinso/bgee_sensitive///rna_seq/GTF_16/xenopus_laevis_GCF_017654675.1_Xenopus_laevis_v10.1.transcriptome_wo_intergenic.fa	/data/FAC/FBM/DEE/mrobinso/bgee_sensitive///rna_seq/GTF_16/xenopus_laevis_GCF_017654675.1_Xenopus_laevis_v10.1.gtf	/data/FAC/FBM/DEE/mrobinso/bgee_sensitive//bgee_v16_0/rna_seq/calls//all_results/SRX1286469	/data/FAC/FBM/DEE/mrobinso/bgee_sensitive//bgee_v16_0/rna_seq/ref_intergenic_16/8355_intergenic.fa.gz
8355		100	/data/FAC/FBM/DEE/mrobinso/bgee_sensitive//FASTQ/RNAseq/8355/SRX1286470	/data/FAC/FBM/DEE/mrobinso/bgee_sensitive///rna_seq/GTF_16/xenopus_laevis_GCF_017654675.1_Xenopus_laevis_v10.1.transcriptome_wo_intergenic.fa	/data/FAC/FBM/DEE/mrobinso/bgee_sensitive///rna_seq/GTF_16/xenopus_laevis_GCF_017654675.1_Xenopus_laevis_v10.1.gtf	/data/FAC/FBM/DEE/mrobinso/bgee_sensitive//bgee_v16_0/rna_seq/calls//all_results/SRX1286470	/data/FAC/FBM/DEE/mrobinso/bgee_sensitive//bgee_v16_0/rna_seq/ref_intergenic_16/8355_intergenic.fa.gz
8355		100	/data/FAC/FBM/DEE/mrobinso/bgee_sensitive//FASTQ/RNAseq/8355/SRX1286471	/data/FAC/FBM/DEE/mrobinso/bgee_sensitive///rna_seq/GTF_16/xenopus_laevis_GCF_017654675.1_Xenopus_laevis_v10.1.transcriptome_wo_intergenic.fa	/data/FAC/FBM/DEE/mrobinso/bgee_sensitive///rna_seq/GTF_16/xenopus_laevis_GCF_017654675.1_Xenopus_laevis_v10.1.gtf	/data/FAC/FBM/DEE/mrobinso/bgee_sensitive//bgee_v16_0/rna_seq/calls//all_results/SRX1286471	/data/FAC/FBM/DEE/mrobinso/bgee_sensitive//bgee_v16_0/rna_seq/ref_intergenic_16/8355_intergenic.fa.gz
8355		100	/data/FAC/FBM/DEE/mrobinso/bgee_sensitive//FASTQ/RNAseq/8355/SRX1286472	/data/FAC/FBM/DEE/mrobinso/bgee_sensitive///rna_seq/GTF_16/xenopus_laevis_GCF_017654675.1_Xenopus_laevis_v10.1.transcriptome_wo_intergenic.fa	/data/FAC/FBM/DEE/mrobinso/bgee_sensitive///rna_seq/GTF_16/xenopus_laevis_GCF_017654675.1_Xenopus_laevis_v10.1.gtf	/data/FAC/FBM/DEE/mrobinso/bgee_sensitive//bgee_v16_0/rna_seq/calls//all_results/SRX1286472	/data/FAC/FBM/DEE/mrobinso/bgee_sensitive//bgee_v16_0/rna_seq/ref_intergenic_16/8355_intergenic.fa.gz
8355		100	/data/FAC/FBM/DEE/mrobinso/bgee_sensitive//FASTQ/RNAseq/8355/SRX1286473	/data/FAC/FBM/DEE/mrobinso/bgee_sensitive///rna_seq/GTF_16/xenopus_laevis_GCF_017654675.1_Xenopus_laevis_v10.1.transcriptome_wo_intergenic.fa	/data/FAC/FBM/DEE/mrobinso/bgee_sensitive///rna_seq/GTF_16/xenopus_laevis_GCF_017654675.1_Xenopus_laevis_v10.1.gtf	/data/FAC/FBM/DEE/mrobinso/bgee_sensitive//bgee_v16_0/rna_seq/calls//all_results/SRX1286473	/data/FAC/FBM/DEE/mrobinso/bgee_sensitive//bgee_v16_0/rna_seq/ref_intergenic_16/8355_intergenic.fa.gz
8355		100	/data/FAC/FBM/DEE/mrobinso/bgee_sensitive//FASTQ/RNAseq/8355/SRX1286474	/data/FAC/FBM/DEE/mrobinso/bgee_sensitive///rna_seq/GTF_16/xenopus_laevis_GCF_017654675.1_Xenopus_laevis_v10.1.transcriptome_wo_intergenic.fa	/data/FAC/FBM/DEE/mrobinso/bgee_sensitive///rna_seq/GTF_16/xenopus_laevis_GCF_017654675.1_Xenopus_laevis_v10.1.gtf	/data/FAC/FBM/DEE/mrobinso/bgee_sensitive//bgee_v16_0/rna_seq/calls//all_results/SRX1286474	/data/FAC/FBM/DEE/mrobinso/bgee_sensitive//bgee_v16_0/rna_seq/ref_intergenic_16/8355_intergenic.fa.gz
8355		100	/data/FAC/FBM/DEE/mrobinso/bgee_sensitive//FASTQ/RNAseq/8355/SRX1286475	/data/FAC/FBM/DEE/mrobinso/bgee_sensitive///rna_seq/GTF_16/xenopus_laevis_GCF_017654675.1_Xenopus_laevis_v10.1.transcriptome_wo_intergenic.fa	/data/FAC/FBM/DEE/mrobinso/bgee_sensitive///rna_seq/GTF_16/xenopus_laevis_GCF_017654675.1_Xenopus_laevis_v10.1.gtf	/data/FAC/FBM/DEE/mrobinso/bgee_sensitive//bgee_v16_0/rna_seq/calls//all_results/SRX1286475	/data/FAC/FBM/DEE/mrobinso/bgee_sensitive//bgee_v16_0/rna_seq/ref_intergenic_16/8355_intergenic.fa.gz
8355		100	/data/FAC/FBM/DEE/mrobinso/bgee_sensitive//FASTQ/RNAseq/8355/SRX1286476	/data/FAC/FBM/DEE/mrobinso/bgee_sensitive///rna_seq/GTF_16/xenopus_laevis_GCF_017654675.1_Xenopus_laevis_v10.1.transcriptome_wo_intergenic.fa	/data/FAC/FBM/DEE/mrobinso/bgee_sensitive///rna_seq/GTF_16/xenopus_laevis_GCF_017654675.1_Xenopus_laevis_v10.1.gtf	/data/FAC/FBM/DEE/mrobinso/bgee_sensitive//bgee_v16_0/rna_seq/calls//all_results/SRX1286476	/data/FAC/FBM/DEE/mrobinso/bgee_sensitive//bgee_v16_0/rna_seq/ref_intergenic_16/8355_intergenic.fa.gz
8355		100	/data/FAC/FBM/DEE/mrobinso/bgee_sensitive//FASTQ/RNAseq/8355/SRX1286477	/data/FAC/FBM/DEE/mrobinso/bgee_sensitive///rna_seq/GTF_16/xenopus_laevis_GCF_017654675.1_Xenopus_laevis_v10.1.transcriptome_wo_intergenic.fa	/data/FAC/FBM/DEE/mrobinso/bgee_sensitive///rna_seq/GTF_16/xenopus_laevis_GCF_017654675.1_Xenopus_laevis_v10.1.gtf	/data/FAC/FBM/DEE/mrobinso/bgee_sensitive//bgee_v16_0/rna_seq/calls//all_results/SRX1286477	/data/FAC/FBM/DEE/mrobinso/bgee_sensitive//bgee_v16_0/rna_seq/ref_intergenic_16/8355_intergenic.fa.gz
8355		100	/data/FAC/FBM/DEE/mrobinso/bgee_sensitive//FASTQ/RNAseq/8355/SRX1286478	/data/FAC/FBM/DEE/mrobinso/bgee_sensitive///rna_seq/GTF_16/xenopus_laevis_GCF_017654675.1_Xenopus_laevis_v10.1.transcriptome_wo_intergenic.fa	/data/FAC/FBM/DEE/mrobinso/bgee_sensitive///rna_seq/GTF_16/xenopus_laevis_GCF_017654675.1_Xenopus_laevis_v10.1.gtf	/data/FAC/FBM/DEE/mrobinso/bgee_sensitive//bgee_v16_0/rna_seq/calls//all_results/SRX1286478	/data/FAC/FBM/DEE/mrobinso/bgee_sensitive//bgee_v16_0/rna_seq/ref_intergenic_16/8355_intergenic.fa.gz
8355		100	/data/FAC/FBM/DEE/mrobinso/bgee_sensitive//FASTQ/RNAseq/8355/SRX1286479	/data/FAC/FBM/DEE/mrobinso/bgee_sensitive///rna_seq/GTF_16/xenopus_laevis_GCF_017654675.1_Xenopus_laevis_v10.1.transcriptome_wo_intergenic.fa	/data/FAC/FBM/DEE/mrobinso/bgee_sensitive///rna_seq/GTF_16/xenopus_laevis_GCF_017654675.1_Xenopus_laevis_v10.1.gtf	/data/FAC/FBM/DEE/mrobinso/bgee_sensitive//bgee_v16_0/rna_seq/calls//all_results/SRX1286479	/data/FAC/FBM/DEE/mrobinso/bgee_sensitive//bgee_v16_0/rna_seq/ref_intergenic_16/8355_intergenic.fa.gz
8355		100	/data/FAC/FBM/DEE/mrobinso/bgee_sensitive//FASTQ/RNAseq/8355/SRX1286480	/data/FAC/FBM/DEE/mrobinso/bgee_sensitive///rna_seq/GTF_16/xenopus_laevis_GCF_017654675.1_Xenopus_laevis_v10.1.transcriptome_wo_intergenic.fa	/data/FAC/FBM/DEE/mrobinso/bgee_sensitive///rna_seq/GTF_16/xenopus_laevis_GCF_017654675.1_Xenopus_laevis_v10.1.gtf	/data/FAC/FBM/DEE/mrobinso/bgee_sensitive//bgee_v16_0/rna_seq/calls//all_results/SRX1286480	/data/FAC/FBM/DEE/mrobinso/bgee_sensitive//bgee_v16_0/rna_seq/ref_intergenic_16/8355_intergenic.fa.gz
8355		100	/data/FAC/FBM/DEE/mrobinso/bgee_sensitive//FASTQ/RNAseq/8355/SRX1286481	/data/FAC/FBM/DEE/mrobinso/bgee_sensitive///rna_seq/GTF_16/xenopus_laevis_GCF_017654675.1_Xenopus_laevis_v10.1.transcriptome_wo_intergenic.fa	/data/FAC/FBM/DEE/mrobinso/bgee_sensitive///rna_seq/GTF_16/xenopus_laevis_GCF_017654675.1_Xenopus_laevis_v10.1.gtf	/data/FAC/FBM/DEE/mrobinso/bgee_sensitive//bgee_v16_0/rna_seq/calls//all_results/SRX1286481	/data/FAC/FBM/DEE/mrobinso/bgee_sensitive//bgee_v16_0/rna_seq/ref_intergenic_16/8355_intergenic.fa.gz
8355		100	/data/FAC/FBM/DEE/mrobinso/bgee_sensitive//FASTQ/RNAseq/8355/SRX1286482	/data/FAC/FBM/DEE/mrobinso/bgee_sensitive///rna_seq/GTF_16/xenopus_laevis_GCF_017654675.1_Xenopus_laevis_v10.1.transcriptome_wo_intergenic.fa	/data/FAC/FBM/DEE/mrobinso/bgee_sensitive///rna_seq/GTF_16/xenopus_laevis_GCF_017654675.1_Xenopus_laevis_v10.1.gtf	/data/FAC/FBM/DEE/mrobinso/bgee_sensitive//bgee_v16_0/rna_seq/calls//all_results/SRX1286482	/data/FAC/FBM/DEE/mrobinso/bgee_sensitive//bgee_v16_0/rna_seq/ref_intergenic_16/8355_intergenic.fa.gz
8355		100	/data/FAC/FBM/DEE/mrobinso/bgee_sensitive//FASTQ/RNAseq/8355/SRX1286483	/data/FAC/FBM/DEE/mrobinso/bgee_sensitive///rna_seq/GTF_16/xenopus_laevis_GCF_017654675.1_Xenopus_laevis_v10.1.transcriptome_wo_intergenic.fa	/data/FAC/FBM/DEE/mrobinso/bgee_sensitive///rna_seq/GTF_16/xenopus_laevis_GCF_017654675.1_Xenopus_laevis_v10.1.gtf	/data/FAC/FBM/DEE/mrobinso/bgee_sensitive//bgee_v16_0/rna_seq/calls//all_results/SRX1286483	/data/FAC/FBM/DEE/mrobinso/bgee_sensitive//bgee_v16_0/rna_seq/ref_intergenic_16/8355_intergenic.fa.gz
8355		100	/data/FAC/FBM/DEE/mrobinso/bgee_sensitive//FASTQ/RNAseq/8355/SRX1286484	/data/FAC/FBM/DEE/mrobinso/bgee_sensitive///rna_seq/GTF_16/xenopus_laevis_GCF_017654675.1_Xenopus_laevis_v10.1.transcriptome_wo_intergenic.fa	/data/FAC/FBM/DEE/mrobinso/bgee_sensitive///rna_seq/GTF_16/xenopus_laevis_GCF_017654675.1_Xenopus_laevis_v10.1.gtf	/data/FAC/FBM/DEE/mrobinso/bgee_sensitive//bgee_v16_0/rna_seq/calls//all_results/SRX1286484	/data/FAC/FBM/DEE/mrobinso/bgee_sensitive//bgee_v16_0/rna_seq/ref_intergenic_16/8355_intergenic.fa.gz
8355		100	/data/FAC/FBM/DEE/mrobinso/bgee_sensitive//FASTQ/RNAseq/8355/SRX1286485	/data/FAC/FBM/DEE/mrobinso/bgee_sensitive///rna_seq/GTF_16/xenopus_laevis_GCF_017654675.1_Xenopus_laevis_v10.1.transcriptome_wo_intergenic.fa	/data/FAC/FBM/DEE/mrobinso/bgee_sensitive///rna_seq/GTF_16/xenopus_laevis_GCF_017654675.1_Xenopus_laevis_v10.1.gtf	/data/FAC/FBM/DEE/mrobinso/bgee_sensitive//bgee_v16_0/rna_seq/calls//all_results/SRX1286485	/data/FAC/FBM/DEE/mrobinso/bgee_sensitive//bgee_v16_0/rna_seq/ref_intergenic_16/8355_intergenic.fa.gz
8355		100	/data/FAC/FBM/DEE/mrobinso/bgee_sensitive//FASTQ/RNAseq/8355/SRX1287707	/data/FAC/FBM/DEE/mrobinso/bgee_sensitive///rna_seq/GTF_16/xenopus_laevis_GCF_017654675.1_Xenopus_laevis_v10.1.transcriptome_wo_intergenic.fa	/data/FAC/FBM/DEE/mrobinso/bgee_sensitive///rna_seq/GTF_16/xenopus_laevis_GCF_017654675.1_Xenopus_laevis_v10.1.gtf	/data/FAC/FBM/DEE/mrobinso/bgee_sensitive//bgee_v16_0/rna_seq/calls//all_results/SRX1287707	/data/FAC/FBM/DEE/mrobinso/bgee_sensitive//bgee_v16_0/rna_seq/ref_intergenic_16/8355_intergenic.fa.gz
8355		100	/data/FAC/FBM/DEE/mrobinso/bgee_sensitive//FASTQ/RNAseq/8355/SRX1287708	/data/FAC/FBM/DEE/mrobinso/bgee_sensitive///rna_seq/GTF_16/xenopus_laevis_GCF_017654675.1_Xenopus_laevis_v10.1.transcriptome_wo_intergenic.fa	/data/FAC/FBM/DEE/mrobinso/bgee_sensitive///rna_seq/GTF_16/xenopus_laevis_GCF_017654675.1_Xenopus_laevis_v10.1.gtf	/data/FAC/FBM/DEE/mrobinso/bgee_sensitive//bgee_v16_0/rna_seq/calls//all_results/SRX1287708	/data/FAC/FBM/DEE/mrobinso/bgee_sensitive//bgee_v16_0/rna_seq/ref_intergenic_16/8355_intergenic.fa.gz
8355		100	/data/FAC/FBM/DEE/mrobinso/bgee_sensitive//FASTQ/RNAseq/8355/SRX1287709	/data/FAC/FBM/DEE/mrobinso/bgee_sensitive///rna_seq/GTF_16/xenopus_laevis_GCF_017654675.1_Xenopus_laevis_v10.1.transcriptome_wo_intergenic.fa	/data/FAC/FBM/DEE/mrobinso/bgee_sensitive///rna_seq/GTF_16/xenopus_laevis_GCF_017654675.1_Xenopus_laevis_v10.1.gtf	/data/FAC/FBM/DEE/mrobinso/bgee_sensitive//bgee_v16_0/rna_seq/calls//all_results/SRX1287709	/data/FAC/FBM/DEE/mrobinso/bgee_sensitive//bgee_v16_0/rna_seq/ref_intergenic_16/8355_intergenic.fa.gz
8355		100	/data/FAC/FBM/DEE/mrobinso/bgee_sensitive//FASTQ/RNAseq/8355/SRX1287710	/data/FAC/FBM/DEE/mrobinso/bgee_sensitive///rna_seq/GTF_16/xenopus_laevis_GCF_017654675.1_Xenopus_laevis_v10.1.transcriptome_wo_intergenic.fa	/data/FAC/FBM/DEE/mrobinso/bgee_sensitive///rna_seq/GTF_16/xenopus_laevis_GCF_017654675.1_Xenopus_laevis_v10.1.gtf	/data/FAC/FBM/DEE/mrobinso/bgee_sensitive//bgee_v16_0/rna_seq/calls//all_results/SRX1287710	/data/FAC/FBM/DEE/mrobinso/bgee_sensitive//bgee_v16_0/rna_seq/ref_intergenic_16/8355_intergenic.fa.gz
8355		100	/data/FAC/FBM/DEE/mrobinso/bgee_sensitive//FASTQ/RNAseq/8355/SRX1287711	/data/FAC/FBM/DEE/mrobinso/bgee_sensitive///rna_seq/GTF_16/xenopus_laevis_GCF_017654675.1_Xenopus_laevis_v10.1.transcriptome_wo_intergenic.fa	/data/FAC/FBM/DEE/mrobinso/bgee_sensitive///rna_seq/GTF_16/xenopus_laevis_GCF_017654675.1_Xenopus_laevis_v10.1.gtf	/data/FAC/FBM/DEE/mrobinso/bgee_sensitive//bgee_v16_0/rna_seq/calls//all_results/SRX1287711	/data/FAC/FBM/DEE/mrobinso/bgee_sensitive//bgee_v16_0/rna_seq/ref_intergenic_16/8355_intergenic.fa.gz
8355		100	/data/FAC/FBM/DEE/mrobinso/bgee_sensitive//FASTQ/RNAseq/8355/SRX1287712	/data/FAC/FBM/DEE/mrobinso/bgee_sensitive///rna_seq/GTF_16/xenopus_laevis_GCF_017654675.1_Xenopus_laevis_v10.1.transcriptome_wo_intergenic.fa	/data/FAC/FBM/DEE/mrobinso/bgee_sensitive///rna_seq/GTF_16/xenopus_laevis_GCF_017654675.1_Xenopus_laevis_v10.1.gtf	/data/FAC/FBM/DEE/mrobinso/bgee_sensitive//bgee_v16_0/rna_seq/calls//all_results/SRX1287712	/data/FAC/FBM/DEE/mrobinso/bgee_sensitive//bgee_v16_0/rna_seq/ref_intergenic_16/8355_intergenic.fa.gz
8355		101	/data/FAC/FBM/DEE/mrobinso/bgee_sensitive//FASTQ/RNAseq/8355/SRX1287713	/data/FAC/FBM/DEE/mrobinso/bgee_sensitive///rna_seq/GTF_16/xenopus_laevis_GCF_017654675.1_Xenopus_laevis_v10.1.transcriptome_wo_intergenic.fa	/data/FAC/FBM/DEE/mrobinso/bgee_sensitive///rna_seq/GTF_16/xenopus_laevis_GCF_017654675.1_Xenopus_laevis_v10.1.gtf	/data/FAC/FBM/DEE/mrobinso/bgee_sensitive//bgee_v16_0/rna_seq/calls//all_results/SRX1287713	/data/FAC/FBM/DEE/mrobinso/bgee_sensitive//bgee_v16_0/rna_seq/ref_intergenic_16/8355_intergenic.fa.gz
8355		101	/data/FAC/FBM/DEE/mrobinso/bgee_sensitive//FASTQ/RNAseq/8355/SRX1287714	/data/FAC/FBM/DEE/mrobinso/bgee_sensitive///rna_seq/GTF_16/xenopus_laevis_GCF_017654675.1_Xenopus_laevis_v10.1.transcriptome_wo_intergenic.fa	/data/FAC/FBM/DEE/mrobinso/bgee_sensitive///rna_seq/GTF_16/xenopus_laevis_GCF_017654675.1_Xenopus_laevis_v10.1.gtf	/data/FAC/FBM/DEE/mrobinso/bgee_sensitive//bgee_v16_0/rna_seq/calls//all_results/SRX1287714	/data/FAC/FBM/DEE/mrobinso/bgee_sensitive//bgee_v16_0/rna_seq/ref_intergenic_16/8355_intergenic.fa.gz
8355		101	/data/FAC/FBM/DEE/mrobinso/bgee_sensitive//FASTQ/RNAseq/8355/SRX1287715	/data/FAC/FBM/DEE/mrobinso/bgee_sensitive///rna_seq/GTF_16/xenopus_laevis_GCF_017654675.1_Xenopus_laevis_v10.1.transcriptome_wo_intergenic.fa	/data/FAC/FBM/DEE/mrobinso/bgee_sensitive///rna_seq/GTF_16/xenopus_laevis_GCF_017654675.1_Xenopus_laevis_v10.1.gtf	/data/FAC/FBM/DEE/mrobinso/bgee_sensitive//bgee_v16_0/rna_seq/calls//all_results/SRX1287715	/data/FAC/FBM/DEE/mrobinso/bgee_sensitive//bgee_v16_0/rna_seq/ref_intergenic_16/8355_intergenic.fa.gz
8355		101	/data/FAC/FBM/DEE/mrobinso/bgee_sensitive//FASTQ/RNAseq/8355/SRX1287716	/data/FAC/FBM/DEE/mrobinso/bgee_sensitive///rna_seq/GTF_16/xenopus_laevis_GCF_017654675.1_Xenopus_laevis_v10.1.transcriptome_wo_intergenic.fa	/data/FAC/FBM/DEE/mrobinso/bgee_sensitive///rna_seq/GTF_16/xenopus_laevis_GCF_017654675.1_Xenopus_laevis_v10.1.gtf	/data/FAC/FBM/DEE/mrobinso/bgee_sensitive//bgee_v16_0/rna_seq/calls//all_results/SRX1287716	/data/FAC/FBM/DEE/mrobinso/bgee_sensitive//bgee_v16_0/rna_seq/ref_intergenic_16/8355_intergenic.fa.gz
8355		101	/data/FAC/FBM/DEE/mrobinso/bgee_sensitive//FASTQ/RNAseq/8355/SRX1287717	/data/FAC/FBM/DEE/mrobinso/bgee_sensitive///rna_seq/GTF_16/xenopus_laevis_GCF_017654675.1_Xenopus_laevis_v10.1.transcriptome_wo_intergenic.fa	/data/FAC/FBM/DEE/mrobinso/bgee_sensitive///rna_seq/GTF_16/xenopus_laevis_GCF_017654675.1_Xenopus_laevis_v10.1.gtf	/data/FAC/FBM/DEE/mrobinso/bgee_sensitive//bgee_v16_0/rna_seq/calls//all_results/SRX1287717	/data/FAC/FBM/DEE/mrobinso/bgee_sensitive//bgee_v16_0/rna_seq/ref_intergenic_16/8355_intergenic.fa.gz
8355		100	/data/FAC/FBM/DEE/mrobinso/bgee_sensitive//FASTQ/RNAseq/8355/SRX1287718	/data/FAC/FBM/DEE/mrobinso/bgee_sensitive///rna_seq/GTF_16/xenopus_laevis_GCF_017654675.1_Xenopus_laevis_v10.1.transcriptome_wo_intergenic.fa	/data/FAC/FBM/DEE/mrobinso/bgee_sensitive///rna_seq/GTF_16/xenopus_laevis_GCF_017654675.1_Xenopus_laevis_v10.1.gtf	/data/FAC/FBM/DEE/mrobinso/bgee_sensitive//bgee_v16_0/rna_seq/calls//all_results/SRX1287718	/data/FAC/FBM/DEE/mrobinso/bgee_sensitive//bgee_v16_0/rna_seq/ref_intergenic_16/8355_intergenic.fa.gz
8355		100	/data/FAC/FBM/DEE/mrobinso/bgee_sensitive//FASTQ/RNAseq/8355/SRX1287719	/data/FAC/FBM/DEE/mrobinso/bgee_sensitive///rna_seq/GTF_16/xenopus_laevis_GCF_017654675.1_Xenopus_laevis_v10.1.transcriptome_wo_intergenic.fa	/data/FAC/FBM/DEE/mrobinso/bgee_sensitive///rna_seq/GTF_16/xenopus_laevis_GCF_017654675.1_Xenopus_laevis_v10.1.gtf	/data/FAC/FBM/DEE/mrobinso/bgee_sensitive//bgee_v16_0/rna_seq/calls//all_results/SRX1287719	/data/FAC/FBM/DEE/mrobinso/bgee_sensitive//bgee_v16_0/rna_seq/ref_intergenic_16/8355_intergenic.fa.gz
8355		100	/data/FAC/FBM/DEE/mrobinso/bgee_sensitive//FASTQ/RNAseq/8355/SRX1287720	/data/FAC/FBM/DEE/mrobinso/bgee_sensitive///rna_seq/GTF_16/xenopus_laevis_GCF_017654675.1_Xenopus_laevis_v10.1.transcriptome_wo_intergenic.fa	/data/FAC/FBM/DEE/mrobinso/bgee_sensitive///rna_seq/GTF_16/xenopus_laevis_GCF_017654675.1_Xenopus_laevis_v10.1.gtf	/data/FAC/FBM/DEE/mrobinso/bgee_sensitive//bgee_v16_0/rna_seq/calls//all_results/SRX1287720	/data/FAC/FBM/DEE/mrobinso/bgee_sensitive//bgee_v16_0/rna_seq/ref_intergenic_16/8355_intergenic.fa.gz
8355		100	/data/FAC/FBM/DEE/mrobinso/bgee_sensitive//FASTQ/RNAseq/8355/SRX1287721	/data/FAC/FBM/DEE/mrobinso/bgee_sensitive///rna_seq/GTF_16/xenopus_laevis_GCF_017654675.1_Xenopus_laevis_v10.1.transcriptome_wo_intergenic.fa	/data/FAC/FBM/DEE/mrobinso/bgee_sensitive///rna_seq/GTF_16/xenopus_laevis_GCF_017654675.1_Xenopus_laevis_v10.1.gtf	/data/FAC/FBM/DEE/mrobinso/bgee_sensitive//bgee_v16_0/rna_seq/calls//all_results/SRX1287721	/data/FAC/FBM/DEE/mrobinso/bgee_sensitive//bgee_v16_0/rna_seq/ref_intergenic_16/8355_intergenic.fa.gz
8355		100	/data/FAC/FBM/DEE/mrobinso/bgee_sensitive//FASTQ/RNAseq/8355/SRX1287722	/data/FAC/FBM/DEE/mrobinso/bgee_sensitive///rna_seq/GTF_16/xenopus_laevis_GCF_017654675.1_Xenopus_laevis_v10.1.transcriptome_wo_intergenic.fa	/data/FAC/FBM/DEE/mrobinso/bgee_sensitive///rna_seq/GTF_16/xenopus_laevis_GCF_017654675.1_Xenopus_laevis_v10.1.gtf	/data/FAC/FBM/DEE/mrobinso/bgee_sensitive//bgee_v16_0/rna_seq/calls//all_results/SRX1287722	/data/FAC/FBM/DEE/mrobinso/bgee_sensitive//bgee_v16_0/rna_seq/ref_intergenic_16/8355_intergenic.fa.gz
8355		100	/data/FAC/FBM/DEE/mrobinso/bgee_sensitive//FASTQ/RNAseq/8355/SRX1287723	/data/FAC/FBM/DEE/mrobinso/bgee_sensitive///rna_seq/GTF_16/xenopus_laevis_GCF_017654675.1_Xenopus_laevis_v10.1.transcriptome_wo_intergenic.fa	/data/FAC/FBM/DEE/mrobinso/bgee_sensitive///rna_seq/GTF_16/xenopus_laevis_GCF_017654675.1_Xenopus_laevis_v10.1.gtf	/data/FAC/FBM/DEE/mrobinso/bgee_sensitive//bgee_v16_0/rna_seq/calls//all_results/SRX1287723	/data/FAC/FBM/DEE/mrobinso/bgee_sensitive//bgee_v16_0/rna_seq/ref_intergenic_16/8355_intergenic.fa.gz
8355		100	/data/FAC/FBM/DEE/mrobinso/bgee_sensitive//FASTQ/RNAseq/8355/SRX1287724	/data/FAC/FBM/DEE/mrobinso/bgee_sensitive///rna_seq/GTF_16/xenopus_laevis_GCF_017654675.1_Xenopus_laevis_v10.1.transcriptome_wo_intergenic.fa	/data/FAC/FBM/DEE/mrobinso/bgee_sensitive///rna_seq/GTF_16/xenopus_laevis_GCF_017654675.1_Xenopus_laevis_v10.1.gtf	/data/FAC/FBM/DEE/mrobinso/bgee_sensitive//bgee_v16_0/rna_seq/calls//all_results/SRX1287724	/data/FAC/FBM/DEE/mrobinso/bgee_sensitive//bgee_v16_0/rna_seq/ref_intergenic_16/8355_intergenic.fa.gz
8355		100	/data/FAC/FBM/DEE/mrobinso/bgee_sensitive//FASTQ/RNAseq/8355/SRX1287725	/data/FAC/FBM/DEE/mrobinso/bgee_sensitive///rna_seq/GTF_16/xenopus_laevis_GCF_017654675.1_Xenopus_laevis_v10.1.transcriptome_wo_intergenic.fa	/data/FAC/FBM/DEE/mrobinso/bgee_sensitive///rna_seq/GTF_16/xenopus_laevis_GCF_017654675.1_Xenopus_laevis_v10.1.gtf	/data/FAC/FBM/DEE/mrobinso/bgee_sensitive//bgee_v16_0/rna_seq/calls//all_results/SRX1287725	/data/FAC/FBM/DEE/mrobinso/bgee_sensitive//bgee_v16_0/rna_seq/ref_intergenic_16/8355_intergenic.fa.gz
8355		100	/data/FAC/FBM/DEE/mrobinso/bgee_sensitive//FASTQ/RNAseq/8355/SRX1287726	/data/FAC/FBM/DEE/mrobinso/bgee_sensitive///rna_seq/GTF_16/xenopus_laevis_GCF_017654675.1_Xenopus_laevis_v10.1.transcriptome_wo_intergenic.fa	/data/FAC/FBM/DEE/mrobinso/bgee_sensitive///rna_seq/GTF_16/xenopus_laevis_GCF_017654675.1_Xenopus_laevis_v10.1.gtf	/data/FAC/FBM/DEE/mrobinso/bgee_sensitive//bgee_v16_0/rna_seq/calls//all_results/SRX1287726	/data/FAC/FBM/DEE/mrobinso/bgee_sensitive//bgee_v16_0/rna_seq/ref_intergenic_16/8355_intergenic.fa.gz
8355		100	/data/FAC/FBM/DEE/mrobinso/bgee_sensitive//FASTQ/RNAseq/8355/SRX1287727	/data/FAC/FBM/DEE/mrobinso/bgee_sensitive///rna_seq/GTF_16/xenopus_laevis_GCF_017654675.1_Xenopus_laevis_v10.1.transcriptome_wo_intergenic.fa	/data/FAC/FBM/DEE/mrobinso/bgee_sensitive///rna_seq/GTF_16/xenopus_laevis_GCF_017654675.1_Xenopus_laevis_v10.1.gtf	/data/FAC/FBM/DEE/mrobinso/bgee_sensitive//bgee_v16_0/rna_seq/calls//all_results/SRX1287727	/data/FAC/FBM/DEE/mrobinso/bgee_sensitive//bgee_v16_0/rna_seq/ref_intergenic_16/8355_intergenic.fa.gz
8355		100	/data/FAC/FBM/DEE/mrobinso/bgee_sensitive//FASTQ/RNAseq/8355/SRX1287728	/data/FAC/FBM/DEE/mrobinso/bgee_sensitive///rna_seq/GTF_16/xenopus_laevis_GCF_017654675.1_Xenopus_laevis_v10.1.transcriptome_wo_intergenic.fa	/data/FAC/FBM/DEE/mrobinso/bgee_sensitive///rna_seq/GTF_16/xenopus_laevis_GCF_017654675.1_Xenopus_laevis_v10.1.gtf	/data/FAC/FBM/DEE/mrobinso/bgee_sensitive//bgee_v16_0/rna_seq/calls//all_results/SRX1287728	/data/FAC/FBM/DEE/mrobinso/bgee_sensitive//bgee_v16_0/rna_seq/ref_intergenic_16/8355_intergenic.fa.gz
8355		100	/data/FAC/FBM/DEE/mrobinso/bgee_sensitive//FASTQ/RNAseq/8355/SRX1287729	/data/FAC/FBM/DEE/mrobinso/bgee_sensitive///rna_seq/GTF_16/xenopus_laevis_GCF_017654675.1_Xenopus_laevis_v10.1.transcriptome_wo_intergenic.fa	/data/FAC/FBM/DEE/mrobinso/bgee_sensitive///rna_seq/GTF_16/xenopus_laevis_GCF_017654675.1_Xenopus_laevis_v10.1.gtf	/data/FAC/FBM/DEE/mrobinso/bgee_sensitive//bgee_v16_0/rna_seq/calls//all_results/SRX1287729	/data/FAC/FBM/DEE/mrobinso/bgee_sensitive//bgee_v16_0/rna_seq/ref_intergenic_16/8355_intergenic.fa.gz
8355		100	/data/FAC/FBM/DEE/mrobinso/bgee_sensitive//FASTQ/RNAseq/8355/SRX1287730	/data/FAC/FBM/DEE/mrobinso/bgee_sensitive///rna_seq/GTF_16/xenopus_laevis_GCF_017654675.1_Xenopus_laevis_v10.1.transcriptome_wo_intergenic.fa	/data/FAC/FBM/DEE/mrobinso/bgee_sensitive///rna_seq/GTF_16/xenopus_laevis_GCF_017654675.1_Xenopus_laevis_v10.1.gtf	/data/FAC/FBM/DEE/mrobinso/bgee_sensitive//bgee_v16_0/rna_seq/calls//all_results/SRX1287730	/data/FAC/FBM/DEE/mrobinso/bgee_sensitive//bgee_v16_0/rna_seq/ref_intergenic_16/8355_intergenic.fa.gz
8355		100	/data/FAC/FBM/DEE/mrobinso/bgee_sensitive//FASTQ/RNAseq/8355/SRX1287731	/data/FAC/FBM/DEE/mrobinso/bgee_sensitive///rna_seq/GTF_16/xenopus_laevis_GCF_017654675.1_Xenopus_laevis_v10.1.transcriptome_wo_intergenic.fa	/data/FAC/FBM/DEE/mrobinso/bgee_sensitive///rna_seq/GTF_16/xenopus_laevis_GCF_017654675.1_Xenopus_laevis_v10.1.gtf	/data/FAC/FBM/DEE/mrobinso/bgee_sensitive//bgee_v16_0/rna_seq/calls//all_results/SRX1287731	/data/FAC/FBM/DEE/mrobinso/bgee_sensitive//bgee_v16_0/rna_seq/ref_intergenic_16/8355_intergenic.fa.gz
8355		100	/data/FAC/FBM/DEE/mrobinso/bgee_sensitive//FASTQ/RNAseq/8355/SRX1287732	/data/FAC/FBM/DEE/mrobinso/bgee_sensitive///rna_seq/GTF_16/xenopus_laevis_GCF_017654675.1_Xenopus_laevis_v10.1.transcriptome_wo_intergenic.fa	/data/FAC/FBM/DEE/mrobinso/bgee_sensitive///rna_seq/GTF_16/xenopus_laevis_GCF_017654675.1_Xenopus_laevis_v10.1.gtf	/data/FAC/FBM/DEE/mrobinso/bgee_sensitive//bgee_v16_0/rna_seq/calls//all_results/SRX1287732	/data/FAC/FBM/DEE/mrobinso/bgee_sensitive//bgee_v16_0/rna_seq/ref_intergenic_16/8355_intergenic.fa.gz
8355		100	/data/FAC/FBM/DEE/mrobinso/bgee_sensitive//FASTQ/RNAseq/8355/SRX1287733	/data/FAC/FBM/DEE/mrobinso/bgee_sensitive///rna_seq/GTF_16/xenopus_laevis_GCF_017654675.1_Xenopus_laevis_v10.1.transcriptome_wo_intergenic.fa	/data/FAC/FBM/DEE/mrobinso/bgee_sensitive///rna_seq/GTF_16/xenopus_laevis_GCF_017654675.1_Xenopus_laevis_v10.1.gtf	/data/FAC/FBM/DEE/mrobinso/bgee_sensitive//bgee_v16_0/rna_seq/calls//all_results/SRX1287733	/data/FAC/FBM/DEE/mrobinso/bgee_sensitive//bgee_v16_0/rna_seq/ref_intergenic_16/8355_intergenic.fa.gz
8355		100	/data/FAC/FBM/DEE/mrobinso/bgee_sensitive//FASTQ/RNAseq/8355/SRX1287734	/data/FAC/FBM/DEE/mrobinso/bgee_sensitive///rna_seq/GTF_16/xenopus_laevis_GCF_017654675.1_Xenopus_laevis_v10.1.transcriptome_wo_intergenic.fa	/data/FAC/FBM/DEE/mrobinso/bgee_sensitive///rna_seq/GTF_16/xenopus_laevis_GCF_017654675.1_Xenopus_laevis_v10.1.gtf	/data/FAC/FBM/DEE/mrobinso/bgee_sensitive//bgee_v16_0/rna_seq/calls//all_results/SRX1287734	/data/FAC/FBM/DEE/mrobinso/bgee_sensitive//bgee_v16_0/rna_seq/ref_intergenic_16/8355_intergenic.fa.gz
9974		100	/data/FAC/FBM/DEE/mrobinso/bgee_sensitive//FASTQ/RNAseq/9974/SRX1296747	/data/FAC/FBM/DEE/mrobinso/bgee_sensitive///rna_seq/GTF_16/manis_javanica_GCF_040802235.1_MJ_LKY.transcriptome_wo_intergenic.fa	/data/FAC/FBM/DEE/mrobinso/bgee_sensitive///rna_seq/GTF_16/manis_javanica_GCF_040802235.1_MJ_LKY.gtf	/data/FAC/FBM/DEE/mrobinso/bgee_sensitive//bgee_v16_0/rna_seq/calls//all_results/SRX1296747	/data/FAC/FBM/DEE/mrobinso/bgee_sensitive//bgee_v16_0/rna_seq/ref_intergenic_16/9974_intergenic.fa.gz
9974		100	/data/FAC/FBM/DEE/mrobinso/bgee_sensitive//FASTQ/RNAseq/9974/SRX1296752	/data/FAC/FBM/DEE/mrobinso/bgee_sensitive///rna_seq/GTF_16/manis_javanica_GCF_040802235.1_MJ_LKY.transcriptome_wo_intergenic.fa	/data/FAC/FBM/DEE/mrobinso/bgee_sensitive///rna_seq/GTF_16/manis_javanica_GCF_040802235.1_MJ_LKY.gtf	/data/FAC/FBM/DEE/mrobinso/bgee_sensitive//bgee_v16_0/rna_seq/calls//all_results/SRX1296752	/data/FAC/FBM/DEE/mrobinso/bgee_sensitive//bgee_v16_0/rna_seq/ref_intergenic_16/9974_intergenic.fa.gz
9974		100	/data/FAC/FBM/DEE/mrobinso/bgee_sensitive//FASTQ/RNAseq/9974/SRX1305722	/data/FAC/FBM/DEE/mrobinso/bgee_sensitive///rna_seq/GTF_16/manis_javanica_GCF_040802235.1_MJ_LKY.transcriptome_wo_intergenic.fa	/data/FAC/FBM/DEE/mrobinso/bgee_sensitive///rna_seq/GTF_16/manis_javanica_GCF_040802235.1_MJ_LKY.gtf	/data/FAC/FBM/DEE/mrobinso/bgee_sensitive//bgee_v16_0/rna_seq/calls//all_results/SRX1305722	/data/FAC/FBM/DEE/mrobinso/bgee_sensitive//bgee_v16_0/rna_seq/ref_intergenic_16/9974_intergenic.fa.gz
9974		100	/data/FAC/FBM/DEE/mrobinso/bgee_sensitive//FASTQ/RNAseq/9974/SRX1305723	/data/FAC/FBM/DEE/mrobinso/bgee_sensitive///rna_seq/GTF_16/manis_javanica_GCF_040802235.1_MJ_LKY.transcriptome_wo_intergenic.fa	/data/FAC/FBM/DEE/mrobinso/bgee_sensitive///rna_seq/GTF_16/manis_javanica_GCF_040802235.1_MJ_LKY.gtf	/data/FAC/FBM/DEE/mrobinso/bgee_sensitive//bgee_v16_0/rna_seq/calls//all_results/SRX1305723	/data/FAC/FBM/DEE/mrobinso/bgee_sensitive//bgee_v16_0/rna_seq/ref_intergenic_16/9974_intergenic.fa.gz
9974		100	/data/FAC/FBM/DEE/mrobinso/bgee_sensitive//FASTQ/RNAseq/9974/SRX1305724	/data/FAC/FBM/DEE/mrobinso/bgee_sensitive///rna_seq/GTF_16/manis_javanica_GCF_040802235.1_MJ_LKY.transcriptome_wo_intergenic.fa	/data/FAC/FBM/DEE/mrobinso/bgee_sensitive///rna_seq/GTF_16/manis_javanica_GCF_040802235.1_MJ_LKY.gtf	/data/FAC/FBM/DEE/mrobinso/bgee_sensitive//bgee_v16_0/rna_seq/calls//all_results/SRX1305724	/data/FAC/FBM/DEE/mrobinso/bgee_sensitive//bgee_v16_0/rna_seq/ref_intergenic_16/9974_intergenic.fa.gz
9974		100	/data/FAC/FBM/DEE/mrobinso/bgee_sensitive//FASTQ/RNAseq/9974/SRX1305725	/data/FAC/FBM/DEE/mrobinso/bgee_sensitive///rna_seq/GTF_16/manis_javanica_GCF_040802235.1_MJ_LKY.transcriptome_wo_intergenic.fa	/data/FAC/FBM/DEE/mrobinso/bgee_sensitive///rna_seq/GTF_16/manis_javanica_GCF_040802235.1_MJ_LKY.gtf	/data/FAC/FBM/DEE/mrobinso/bgee_sensitive//bgee_v16_0/rna_seq/calls//all_results/SRX1305725	/data/FAC/FBM/DEE/mrobinso/bgee_sensitive//bgee_v16_0/rna_seq/ref_intergenic_16/9974_intergenic.fa.gz
9974		100	/data/FAC/FBM/DEE/mrobinso/bgee_sensitive//FASTQ/RNAseq/9974/SRX1305726	/data/FAC/FBM/DEE/mrobinso/bgee_sensitive///rna_seq/GTF_16/manis_javanica_GCF_040802235.1_MJ_LKY.transcriptome_wo_intergenic.fa	/data/FAC/FBM/DEE/mrobinso/bgee_sensitive///rna_seq/GTF_16/manis_javanica_GCF_040802235.1_MJ_LKY.gtf	/data/FAC/FBM/DEE/mrobinso/bgee_sensitive//bgee_v16_0/rna_seq/calls//all_results/SRX1305726	/data/FAC/FBM/DEE/mrobinso/bgee_sensitive//bgee_v16_0/rna_seq/ref_intergenic_16/9974_intergenic.fa.gz
9974		100	/data/FAC/FBM/DEE/mrobinso/bgee_sensitive//FASTQ/RNAseq/9974/SRX1305727	/data/FAC/FBM/DEE/mrobinso/bgee_sensitive///rna_seq/GTF_16/manis_javanica_GCF_040802235.1_MJ_LKY.transcriptome_wo_intergenic.fa	/data/FAC/FBM/DEE/mrobinso/bgee_sensitive///rna_seq/GTF_16/manis_javanica_GCF_040802235.1_MJ_LKY.gtf	/data/FAC/FBM/DEE/mrobinso/bgee_sensitive//bgee_v16_0/rna_seq/calls//all_results/SRX1305727	/data/FAC/FBM/DEE/mrobinso/bgee_sensitive//bgee_v16_0/rna_seq/ref_intergenic_16/9974_intergenic.fa.gz
9974		150	/data/FAC/FBM/DEE/mrobinso/bgee_sensitive//FASTQ/RNAseq/9974/SRX2627147	/data/FAC/FBM/DEE/mrobinso/bgee_sensitive///rna_seq/GTF_16/manis_javanica_GCF_040802235.1_MJ_LKY.transcriptome_wo_intergenic.fa	/data/FAC/FBM/DEE/mrobinso/bgee_sensitive///rna_seq/GTF_16/manis_javanica_GCF_040802235.1_MJ_LKY.gtf	/data/FAC/FBM/DEE/mrobinso/bgee_sensitive//bgee_v16_0/rna_seq/calls//all_results/SRX2627147	/data/FAC/FBM/DEE/mrobinso/bgee_sensitive//bgee_v16_0/rna_seq/ref_intergenic_16/9974_intergenic.fa.gz
9974		150	/data/FAC/FBM/DEE/mrobinso/bgee_sensitive//FASTQ/RNAseq/9974/SRX2627156	/data/FAC/FBM/DEE/mrobinso/bgee_sensitive///rna_seq/GTF_16/manis_javanica_GCF_040802235.1_MJ_LKY.transcriptome_wo_intergenic.fa	/data/FAC/FBM/DEE/mrobinso/bgee_sensitive///rna_seq/GTF_16/manis_javanica_GCF_040802235.1_MJ_LKY.gtf	/data/FAC/FBM/DEE/mrobinso/bgee_sensitive//bgee_v16_0/rna_seq/calls//all_results/SRX2627156	/data/FAC/FBM/DEE/mrobinso/bgee_sensitive//bgee_v16_0/rna_seq/ref_intergenic_16/9974_intergenic.fa.gz
9974		150	/data/FAC/FBM/DEE/mrobinso/bgee_sensitive//FASTQ/RNAseq/9974/SRX2635178	/data/FAC/FBM/DEE/mrobinso/bgee_sensitive///rna_seq/GTF_16/manis_javanica_GCF_040802235.1_MJ_LKY.transcriptome_wo_intergenic.fa	/data/FAC/FBM/DEE/mrobinso/bgee_sensitive///rna_seq/GTF_16/manis_javanica_GCF_040802235.1_MJ_LKY.gtf	/data/FAC/FBM/DEE/mrobinso/bgee_sensitive//bgee_v16_0/rna_seq/calls//all_results/SRX2635178	/data/FAC/FBM/DEE/mrobinso/bgee_sensitive//bgee_v16_0/rna_seq/ref_intergenic_16/9974_intergenic.fa.gz
